ID,Gerçek_Label,LR_Tahmin,LR_Olasılık,XGB_Tahmin,XGB_Olasılık,Gerçek_Label_Metin,LR_Tahmin_Metin,XGB_Tahmin_Metin
11240,0,0,0.4002,0,0.3511,retained,retained,retained
13772,0,1,0.6259,1,0.6366,retained,churned,churned
2005,0,0,0.3406,0,0.2415,retained,retained,retained
10174,0,0,0.3758,0,0.1803,retained,retained,retained
12993,0,1,0.5286,0,0.4272,retained,churned,retained
1372,0,1,0.605,0,0.3286,retained,churned,retained
1593,0,0,0.3316,0,0.1787,retained,retained,retained
14465,0,0,0.1808,0,0.1196,retained,retained,retained
3981,0,1,0.6424,1,0.6462,retained,churned,churned
3030,0,0,0.2925,0,0.3116,retained,retained,retained
3809,0,0,0.2669,0,0.1245,retained,retained,retained
693,0,0,0.2273,0,0.1007,retained,retained,retained
4957,0,0,0.3191,0,0.1438,retained,retained,retained
12703,0,0,0.3728,0,0.3343,retained,retained,retained
13069,0,1,0.6368,0,0.4741,retained,churned,retained
5410,0,0,0.2688,0,0.0568,retained,retained,retained
12845,0,0,0.2048,0,0.0252,retained,retained,retained
5942,0,1,0.5667,0,0.4512,retained,churned,retained
7214,0,0,0.4619,0,0.3284,retained,retained,retained
801,0,0,0.1294,0,0.0408,retained,retained,retained
4576,1,1,0.603,0,0.2724,churned,churned,retained
11492,1,0,0.3903,0,0.1876,churned,retained,retained
12445,0,1,0.5974,0,0.1942,retained,churned,retained
5754,0,1,0.7145,1,0.678,retained,churned,churned
5368,0,0,0.3474,0,0.2064,retained,retained,retained
7784,0,0,0.1401,0,0.126,retained,retained,retained
9484,1,0,0.1183,0,0.0348,churned,retained,retained
12344,1,1,0.7623,1,0.6754,churned,churned,churned
1727,0,0,0.3002,0,0.097,retained,retained,retained
5620,0,0,0.3177,0,0.2578,retained,retained,retained
9245,0,0,0.2795,0,0.0776,retained,retained,retained
9709,0,0,0.4011,0,0.1925,retained,retained,retained
14168,0,1,0.6301,1,0.5037,retained,churned,churned
4692,1,1,0.6816,1,0.6436,churned,churned,churned
8783,1,0,0.4982,0,0.4487,churned,retained,retained
14119,1,0,0.3564,0,0.2563,churned,retained,retained
8564,0,0,0.1276,0,0.031,retained,retained,retained
11165,0,1,0.5782,0,0.4716,retained,churned,retained
11514,1,0,0.1774,0,0.0414,churned,retained,retained
14638,0,1,0.6222,1,0.5234,retained,churned,churned
9163,0,0,0.4801,0,0.3288,retained,retained,retained
9351,0,1,0.674,1,0.5322,retained,churned,churned
9263,0,0,0.2366,0,0.0754,retained,retained,retained
13312,0,0,0.4896,0,0.1835,retained,retained,retained
7724,0,0,0.3241,1,0.5303,retained,retained,churned
6219,0,0,0.1959,0,0.048,retained,retained,retained
9896,1,1,0.5368,1,0.5998,churned,churned,churned
13419,0,0,0.0675,0,0.0282,retained,retained,retained
7640,0,0,0.2819,0,0.0491,retained,retained,retained
5211,0,1,0.5286,1,0.6827,retained,churned,churned
9371,1,1,0.5013,0,0.1178,churned,churned,retained
11357,0,0,0.2269,0,0.0291,retained,retained,retained
14320,1,0,0.4729,0,0.4567,churned,retained,retained
5861,0,0,0.2128,0,0.1369,retained,retained,retained
10978,0,0,0.2303,0,0.0941,retained,retained,retained
7775,0,0,0.1982,0,0.0243,retained,retained,retained
4513,1,1,0.8537,1,0.8953,churned,churned,churned
13471,0,1,0.6968,1,0.8367,retained,churned,churned
1957,0,0,0.1876,0,0.0859,retained,retained,retained
1550,0,0,0.3305,0,0.0839,retained,retained,retained
10059,0,0,0.199,0,0.1049,retained,retained,retained
11602,0,0,0.1308,0,0.0624,retained,retained,retained
13701,0,1,0.7106,1,0.7515,retained,churned,churned
7609,1,1,0.7614,1,0.5243,churned,churned,churned
943,0,0,0.2561,0,0.0186,retained,retained,retained
13899,0,0,0.1433,0,0.181,retained,retained,retained
5853,0,0,0.2814,0,0.2201,retained,retained,retained
3675,0,0,0.2096,0,0.1048,retained,retained,retained
5450,0,0,0.4973,0,0.4981,retained,retained,retained
6593,0,1,0.6482,1,0.7288,retained,churned,churned
5790,1,1,0.8023,0,0.4584,churned,churned,retained
13410,0,1,0.6086,0,0.1918,retained,churned,retained
9835,0,1,0.6666,0,0.456,retained,churned,retained
5584,1,1,0.6396,1,0.7231,churned,churned,churned
10636,0,1,0.8143,1,0.7766,retained,churned,churned
2829,0,0,0.1726,0,0.0709,retained,retained,retained
12545,0,1,0.7852,1,0.7343,retained,churned,churned
6205,0,0,0.106,0,0.0327,retained,retained,retained
5736,0,0,0.4828,0,0.2234,retained,retained,retained
12775,1,1,0.8795,1,0.8554,churned,churned,churned
4316,0,0,0.386,0,0.166,retained,retained,retained
8041,0,0,0.2139,0,0.1465,retained,retained,retained
14852,0,1,0.6238,0,0.4842,retained,churned,retained
1365,0,0,0.3087,0,0.1807,retained,retained,retained
10743,0,0,0.2654,0,0.0394,retained,retained,retained
5488,0,0,0.2862,0,0.1033,retained,retained,retained
940,1,1,0.6246,0,0.2429,churned,churned,retained
5516,0,0,0.1718,0,0.2834,retained,retained,retained
12004,1,0,0.4164,1,0.557,churned,retained,churned
12007,0,0,0.294,0,0.1189,retained,retained,retained
5,0,0,0.3187,0,0.2155,retained,retained,retained
11120,1,1,0.6565,0,0.4125,churned,churned,retained
14399,0,0,0.2869,0,0.1608,retained,retained,retained
7642,0,0,0.155,0,0.0332,retained,retained,retained
7665,0,0,0.2039,0,0.1215,retained,retained,retained
119,0,0,0.1567,0,0.0127,retained,retained,retained
12827,0,1,0.5119,1,0.5217,retained,churned,churned
14641,1,1,0.5314,0,0.1823,churned,churned,retained
5944,0,0,0.0975,0,0.0156,retained,retained,retained
11096,0,0,0.263,0,0.19,retained,retained,retained
6061,0,0,0.1637,0,0.0314,retained,retained,retained
1311,0,0,0.2614,0,0.1083,retained,retained,retained
9255,1,0,0.4213,0,0.2239,churned,retained,retained
3498,0,0,0.342,0,0.1812,retained,retained,retained
5816,0,0,0.1849,0,0.2254,retained,retained,retained
12416,0,0,0.108,0,0.1756,retained,retained,retained
13305,0,0,0.3246,0,0.1332,retained,retained,retained
9783,0,0,0.2466,0,0.2353,retained,retained,retained
470,0,1,0.817,1,0.6074,retained,churned,churned
10008,0,0,0.2249,0,0.1824,retained,retained,retained
268,0,0,0.1029,0,0.033,retained,retained,retained
3315,0,1,0.5802,0,0.4226,retained,churned,retained
12446,1,1,0.879,0,0.3639,churned,churned,retained
10513,0,0,0.3876,0,0.2573,retained,retained,retained
2172,0,1,0.6139,1,0.686,retained,churned,churned
4188,0,0,0.2072,0,0.0285,retained,retained,retained
5447,0,1,0.7725,1,0.7216,retained,churned,churned
3794,0,0,0.1027,0,0.036,retained,retained,retained
14107,0,0,0.3937,0,0.1679,retained,retained,retained
4450,0,0,0.1164,0,0.2768,retained,retained,retained
9779,0,0,0.2887,0,0.0387,retained,retained,retained
4818,0,0,0.4428,0,0.2925,retained,retained,retained
4279,0,0,0.2866,0,0.2933,retained,retained,retained
12486,0,0,0.1248,0,0.0766,retained,retained,retained
9112,1,1,0.8328,1,0.8062,churned,churned,churned
10423,0,1,0.602,1,0.6411,retained,churned,churned
9007,0,0,0.2783,0,0.4505,retained,retained,retained
242,1,0,0.4574,0,0.4399,churned,retained,retained
246,0,0,0.3037,0,0.0591,retained,retained,retained
6529,0,0,0.3738,0,0.3233,retained,retained,retained
7516,0,1,0.5952,0,0.4871,retained,churned,retained
4752,0,0,0.2058,0,0.2535,retained,retained,retained
3821,0,1,0.7757,1,0.7272,retained,churned,churned
13025,0,0,0.1902,0,0.0426,retained,retained,retained
12388,1,0,0.4944,0,0.3178,churned,retained,retained
9051,0,0,0.1736,0,0.1082,retained,retained,retained
7156,1,1,0.8098,1,0.6813,churned,churned,churned
7681,0,0,0.2485,0,0.0758,retained,retained,retained
11722,0,0,0.2828,0,0.0832,retained,retained,retained
14130,0,0,0.4558,0,0.2885,retained,retained,retained
10186,0,0,0.1929,0,0.0942,retained,retained,retained
7997,0,0,0.442,0,0.3433,retained,retained,retained
11188,0,1,0.5038,0,0.1796,retained,churned,retained
9594,1,0,0.4624,0,0.403,churned,retained,retained
8402,0,0,0.1354,0,0.065,retained,retained,retained
5497,0,1,0.5135,1,0.585,retained,churned,churned
6911,0,1,0.7705,1,0.718,retained,churned,churned
12858,0,0,0.1902,0,0.1054,retained,retained,retained
14336,0,0,0.2306,0,0.0875,retained,retained,retained
9946,0,0,0.2804,0,0.1038,retained,retained,retained
3565,0,0,0.2212,0,0.0806,retained,retained,retained
5724,1,1,0.6123,0,0.3221,churned,churned,retained
6235,0,1,0.6836,1,0.6731,retained,churned,churned
12752,0,1,0.6431,1,0.5366,retained,churned,churned
9997,0,1,0.5619,0,0.4173,retained,churned,retained
10164,0,0,0.1456,0,0.1856,retained,retained,retained
13163,0,1,0.7662,1,0.8336,retained,churned,churned
6202,0,1,0.7601,1,0.7987,retained,churned,churned
3596,0,0,0.0711,0,0.0298,retained,retained,retained
12542,1,1,0.5096,0,0.4457,churned,churned,retained
11183,0,0,0.2288,0,0.099,retained,retained,retained
8761,1,1,0.8559,1,0.7842,churned,churned,churned
9544,0,0,0.2349,0,0.0635,retained,retained,retained
1664,0,0,0.4242,1,0.5208,retained,retained,churned
9621,1,0,0.2612,0,0.0997,churned,retained,retained
8319,0,1,0.5672,0,0.4932,retained,churned,retained
14778,0,1,0.6445,1,0.5634,retained,churned,churned
11198,0,1,0.7907,1,0.8926,retained,churned,churned
14746,0,0,0.3067,0,0.0973,retained,retained,retained
14355,0,1,0.6591,0,0.424,retained,churned,retained
7094,0,1,0.5942,0,0.4727,retained,churned,retained
3805,0,0,0.2733,0,0.2287,retained,retained,retained
3318,0,1,0.5113,0,0.4243,retained,churned,retained
11855,0,0,0.3329,0,0.1374,retained,retained,retained
5462,0,0,0.1132,0,0.0128,retained,retained,retained
1133,0,0,0.308,0,0.2402,retained,retained,retained
9280,1,0,0.432,0,0.1455,churned,retained,retained
4764,0,1,0.5648,0,0.0992,retained,churned,retained
10589,0,1,0.592,0,0.0651,retained,churned,retained
12051,0,0,0.1839,0,0.0555,retained,retained,retained
13159,0,0,0.2827,0,0.1219,retained,retained,retained
6938,0,0,0.1194,0,0.0656,retained,retained,retained
733,0,1,0.6241,1,0.6394,retained,churned,churned
884,0,0,0.4057,0,0.499,retained,retained,retained
8766,1,1,0.6117,1,0.5082,churned,churned,churned
4131,0,1,0.6762,1,0.5578,retained,churned,churned
4154,0,1,0.8266,1,0.742,retained,churned,churned
12520,0,0,0.2763,0,0.2254,retained,retained,retained
14702,0,0,0.1702,0,0.0568,retained,retained,retained
10454,0,1,0.5106,0,0.1639,retained,churned,retained
709,0,1,0.8199,1,0.6608,retained,churned,churned
14548,0,0,0.3038,0,0.0755,retained,retained,retained
4791,0,0,0.2692,0,0.1396,retained,retained,retained
10730,0,1,0.667,0,0.4279,retained,churned,retained
12949,0,1,0.7097,1,0.7374,retained,churned,churned
688,0,0,0.4084,0,0.2633,retained,retained,retained
9143,0,0,0.2122,0,0.1311,retained,retained,retained
9955,0,0,0.4028,0,0.0908,retained,retained,retained
14603,0,0,0.4912,0,0.3978,retained,retained,retained
11078,0,1,0.5364,0,0.2255,retained,churned,retained
8317,0,0,0.1933,0,0.1505,retained,retained,retained
14486,0,0,0.1763,0,0.1126,retained,retained,retained
7286,0,0,0.1702,0,0.0433,retained,retained,retained
4639,0,0,0.0838,0,0.1603,retained,retained,retained
11770,1,1,0.7466,1,0.7065,churned,churned,churned
3804,0,0,0.2332,0,0.2067,retained,retained,retained
11221,1,1,0.7485,0,0.4546,churned,churned,retained
7979,0,1,0.5177,0,0.2959,retained,churned,retained
8648,0,0,0.4575,0,0.2989,retained,retained,retained
8111,0,0,0.3251,0,0.2483,retained,retained,retained
6941,0,0,0.2466,0,0.065,retained,retained,retained
12250,0,1,0.7789,1,0.5717,retained,churned,churned
13373,1,1,0.7538,1,0.6545,churned,churned,churned
14589,0,0,0.3444,0,0.1537,retained,retained,retained
1850,0,0,0.2258,0,0.0544,retained,retained,retained
8038,0,0,0.4742,1,0.6307,retained,retained,churned
5755,0,0,0.4356,0,0.3386,retained,retained,retained
14558,1,1,0.759,1,0.6396,churned,churned,churned
9447,0,1,0.6697,1,0.6886,retained,churned,churned
12010,0,1,0.5509,0,0.3206,retained,churned,retained
280,0,0,0.3973,0,0.3315,retained,retained,retained
8950,0,0,0.2359,0,0.1257,retained,retained,retained
5837,1,1,0.6216,1,0.6225,churned,churned,churned
10075,1,1,0.7742,1,0.7309,churned,churned,churned
2092,0,0,0.1398,0,0.1703,retained,retained,retained
8824,0,1,0.6667,0,0.2776,retained,churned,retained
6482,0,0,0.2789,0,0.2534,retained,retained,retained
5202,0,1,0.7352,1,0.5647,retained,churned,churned
9319,0,0,0.4897,0,0.4479,retained,retained,retained
12537,1,0,0.4844,0,0.4808,churned,retained,retained
13137,0,0,0.1902,0,0.0696,retained,retained,retained
4057,0,0,0.2921,0,0.0683,retained,retained,retained
10189,0,0,0.3097,0,0.1672,retained,retained,retained
6181,0,0,0.1618,0,0.1177,retained,retained,retained
7732,0,0,0.1946,0,0.1948,retained,retained,retained
12973,1,0,0.1352,0,0.0163,churned,retained,retained
13857,0,1,0.7979,1,0.6348,retained,churned,churned
3056,0,0,0.2735,0,0.3103,retained,retained,retained
6114,0,0,0.3412,0,0.2347,retained,retained,retained
11026,0,0,0.4652,0,0.3293,retained,retained,retained
1359,0,1,0.852,1,0.8142,retained,churned,churned
5378,0,0,0.2246,0,0.0509,retained,retained,retained
5054,0,0,0.4229,0,0.1028,retained,retained,retained
7904,1,1,0.6771,0,0.0913,churned,churned,retained
8615,0,0,0.4088,0,0.2483,retained,retained,retained
11082,0,0,0.4709,0,0.3105,retained,retained,retained
1484,0,1,0.8039,1,0.8322,retained,churned,churned
14643,0,0,0.1259,0,0.0626,retained,retained,retained
1873,0,1,0.6759,1,0.5503,retained,churned,churned
115,0,1,0.8133,0,0.3023,retained,churned,retained
7806,1,0,0.1786,0,0.0235,churned,retained,retained
4026,0,1,0.7973,1,0.524,retained,churned,churned
3520,0,0,0.1818,0,0.1481,retained,retained,retained
5042,0,0,0.3036,1,0.5246,retained,retained,churned
17,1,1,0.7357,1,0.6694,churned,churned,churned
4142,0,0,0.4009,0,0.1171,retained,retained,retained
6686,0,0,0.2811,0,0.0949,retained,retained,retained
11339,0,0,0.4665,0,0.2275,retained,retained,retained
1159,1,0,0.4216,0,0.1212,churned,retained,retained
9002,0,0,0.3477,0,0.0576,retained,retained,retained
14464,0,0,0.3091,0,0.2166,retained,retained,retained
14633,0,0,0.1648,0,0.0551,retained,retained,retained
4393,0,0,0.1143,0,0.1195,retained,retained,retained
5483,0,0,0.257,0,0.0182,retained,retained,retained
10328,0,0,0.1847,0,0.1923,retained,retained,retained
2630,0,0,0.453,0,0.4686,retained,retained,retained
13405,0,0,0.1684,0,0.0331,retained,retained,retained
2311,0,0,0.4173,0,0.1659,retained,retained,retained
14463,0,0,0.3584,0,0.2334,retained,retained,retained
1477,1,1,0.5104,1,0.5209,churned,churned,churned
6544,0,1,0.6979,1,0.7675,retained,churned,churned
6649,0,0,0.1953,0,0.0492,retained,retained,retained
6804,0,0,0.1892,0,0.0788,retained,retained,retained
13198,0,0,0.2039,0,0.0145,retained,retained,retained
2502,0,0,0.1661,0,0.0701,retained,retained,retained
4108,1,1,0.6284,1,0.5861,churned,churned,churned
6612,0,0,0.2034,0,0.0749,retained,retained,retained
7865,0,0,0.104,0,0.0162,retained,retained,retained
3102,1,0,0.4637,0,0.1822,churned,retained,retained
12614,0,0,0.1354,0,0.0657,retained,retained,retained
6254,1,1,0.6949,1,0.6479,churned,churned,churned
11664,0,1,0.5046,0,0.4213,retained,churned,retained
8198,0,0,0.4513,0,0.2734,retained,retained,retained
4786,1,1,0.7724,1,0.5162,churned,churned,churned
9693,1,1,0.703,1,0.5849,churned,churned,churned
11341,0,0,0.3556,0,0.2681,retained,retained,retained
9417,1,0,0.4803,0,0.1417,churned,retained,retained
9478,0,1,0.5051,0,0.3196,retained,churned,retained
11212,0,0,0.1343,0,0.0727,retained,retained,retained
10900,0,0,0.4543,0,0.0905,retained,retained,retained
6774,0,1,0.6525,0,0.4948,retained,churned,retained
4,0,0,0.1955,0,0.1049,retained,retained,retained
850,0,0,0.2439,0,0.0727,retained,retained,retained
12196,0,0,0.2527,0,0.1681,retained,retained,retained
1609,0,0,0.3194,0,0.1182,retained,retained,retained
7962,0,0,0.1124,0,0.0599,retained,retained,retained
3484,1,1,0.5535,0,0.1647,churned,churned,retained
11223,1,1,0.6568,1,0.7554,churned,churned,churned
12934,0,0,0.4902,0,0.3494,retained,retained,retained
12002,0,0,0.4222,0,0.2388,retained,retained,retained
26,0,1,0.6939,1,0.5092,retained,churned,churned
12903,0,0,0.2695,0,0.2259,retained,retained,retained
4294,0,0,0.4934,0,0.1567,retained,retained,retained
9758,1,1,0.8045,1,0.7237,churned,churned,churned
774,0,0,0.1209,0,0.1319,retained,retained,retained
2399,0,0,0.4784,0,0.4445,retained,retained,retained
4703,0,0,0.1593,0,0.1363,retained,retained,retained
1639,1,0,0.1903,0,0.0358,churned,retained,retained
9265,0,1,0.8876,1,0.7828,retained,churned,churned
13565,1,0,0.1399,0,0.1788,churned,retained,retained
12408,0,1,0.6566,0,0.4896,retained,churned,retained
11077,1,1,0.6228,0,0.4581,churned,churned,retained
5751,0,0,0.362,0,0.3409,retained,retained,retained
7863,0,0,0.1247,0,0.1301,retained,retained,retained
6354,0,0,0.4602,0,0.1378,retained,retained,retained
13377,0,0,0.2582,0,0.128,retained,retained,retained
14564,0,1,0.8361,1,0.7254,retained,churned,churned
10488,0,1,0.649,0,0.3768,retained,churned,retained
3502,0,1,0.5304,0,0.2441,retained,churned,retained
12184,1,1,0.8489,1,0.799,churned,churned,churned
14800,1,1,0.7419,0,0.4859,churned,churned,retained
5291,0,0,0.3769,0,0.1428,retained,retained,retained
13648,0,1,0.5863,0,0.4217,retained,churned,retained
14527,0,1,0.7208,1,0.5103,retained,churned,churned
3289,1,1,0.671,1,0.5203,churned,churned,churned
8496,1,1,0.7044,1,0.6972,churned,churned,churned
2727,0,0,0.0732,0,0.0322,retained,retained,retained
6403,0,0,0.3686,1,0.71,retained,retained,churned
9905,0,0,0.499,0,0.1927,retained,retained,retained
1620,0,0,0.23,0,0.1434,retained,retained,retained
8619,0,0,0.3038,0,0.2097,retained,retained,retained
5244,0,0,0.3066,0,0.1091,retained,retained,retained
9532,0,0,0.3114,0,0.2875,retained,retained,retained
2260,0,1,0.7316,1,0.8021,retained,churned,churned
4065,0,0,0.2777,0,0.0593,retained,retained,retained
9750,1,1,0.7861,1,0.8892,churned,churned,churned
14960,0,0,0.2808,0,0.0857,retained,retained,retained
9415,1,0,0.245,0,0.176,churned,retained,retained
2255,0,1,0.6769,1,0.7347,retained,churned,churned
3940,0,0,0.1288,0,0.0318,retained,retained,retained
5906,0,0,0.3948,0,0.1786,retained,retained,retained
14904,0,0,0.4037,0,0.1894,retained,retained,retained
7658,0,1,0.7627,1,0.7324,retained,churned,churned
10337,1,1,0.8678,1,0.8868,churned,churned,churned
8769,0,0,0.4393,0,0.4295,retained,retained,retained
13473,1,1,0.5594,0,0.3849,churned,churned,retained
5382,1,1,0.7451,1,0.705,churned,churned,churned
556,1,1,0.6586,1,0.5303,churned,churned,churned
2114,1,1,0.6237,1,0.5189,churned,churned,churned
2645,0,1,0.7411,0,0.1257,retained,churned,retained
6755,0,0,0.2163,0,0.0609,retained,retained,retained
11853,0,1,0.6714,0,0.4836,retained,churned,retained
1654,0,0,0.4625,0,0.2592,retained,retained,retained
8531,1,1,0.6031,0,0.2771,churned,churned,retained
14961,0,0,0.4625,0,0.1418,retained,retained,retained
9076,0,1,0.8001,1,0.664,retained,churned,churned
12411,0,0,0.1287,0,0.0416,retained,retained,retained
1263,1,1,0.5322,0,0.4665,churned,churned,retained
12596,1,0,0.2321,0,0.1016,churned,retained,retained
9637,0,0,0.3951,0,0.1459,retained,retained,retained
14645,0,1,0.7834,1,0.685,retained,churned,churned
3701,0,1,0.5651,1,0.6713,retained,churned,churned
9105,0,0,0.1279,0,0.4759,retained,retained,retained
6284,0,1,0.553,0,0.455,retained,churned,retained
8446,0,0,0.0701,0,0.0766,retained,retained,retained
6645,0,0,0.347,0,0.1772,retained,retained,retained
13695,0,1,0.7184,1,0.6512,retained,churned,churned
9521,0,0,0.2492,0,0.0966,retained,retained,retained
5354,0,0,0.344,0,0.1933,retained,retained,retained
11525,0,0,0.1772,0,0.0568,retained,retained,retained
13770,0,1,0.6884,0,0.478,retained,churned,retained
14965,0,0,0.1527,0,0.1015,retained,retained,retained
8028,0,0,0.2223,0,0.114,retained,retained,retained
13434,0,0,0.1716,0,0.0446,retained,retained,retained
7312,0,1,0.5353,0,0.474,retained,churned,retained
2716,0,0,0.4009,0,0.2961,retained,retained,retained
13263,0,1,0.5833,0,0.4893,retained,churned,retained
12503,0,0,0.2727,0,0.0959,retained,retained,retained
5365,1,1,0.7108,1,0.5145,churned,churned,churned
4032,0,1,0.5781,0,0.4761,retained,churned,retained
9529,0,1,0.5685,1,0.6245,retained,churned,churned
9050,0,0,0.1906,0,0.2036,retained,retained,retained
1775,0,0,0.3925,0,0.099,retained,retained,retained
11603,0,0,0.2027,0,0.1274,retained,retained,retained
2696,1,0,0.298,0,0.0615,churned,retained,retained
3324,0,1,0.5119,1,0.6756,retained,churned,churned
10022,0,0,0.3382,0,0.0551,retained,retained,retained
3188,0,0,0.1429,0,0.0787,retained,retained,retained
7760,0,0,0.0937,0,0.0125,retained,retained,retained
8399,0,1,0.5855,0,0.4507,retained,churned,retained
715,0,1,0.7203,0,0.374,retained,churned,retained
1300,0,1,0.5326,1,0.6429,retained,churned,churned
4213,0,1,0.6529,0,0.4227,retained,churned,retained
4643,0,0,0.1866,0,0.169,retained,retained,retained
8243,0,0,0.2361,0,0.1111,retained,retained,retained
5687,0,0,0.2554,0,0.1404,retained,retained,retained
11435,1,1,0.8096,1,0.7547,churned,churned,churned
1346,0,0,0.4207,0,0.4521,retained,retained,retained
13274,0,0,0.4279,0,0.1965,retained,retained,retained
10975,0,0,0.3958,0,0.472,retained,retained,retained
8652,0,1,0.5215,0,0.4367,retained,churned,retained
14813,0,1,0.6807,1,0.5277,retained,churned,churned
13932,0,0,0.2791,0,0.1034,retained,retained,retained
8086,0,1,0.6097,1,0.6913,retained,churned,churned
1540,0,1,0.5687,0,0.3784,retained,churned,retained
12089,0,1,0.8109,1,0.7009,retained,churned,churned
6581,0,1,0.7824,1,0.7837,retained,churned,churned
3469,0,0,0.1655,0,0.0298,retained,retained,retained
11956,0,0,0.1803,0,0.1595,retained,retained,retained
3666,0,1,0.656,1,0.6723,retained,churned,churned
11581,0,0,0.3208,0,0.3165,retained,retained,retained
5415,1,1,0.7989,1,0.6975,churned,churned,churned
5581,0,0,0.3977,0,0.3018,retained,retained,retained
12651,0,0,0.1949,0,0.0735,retained,retained,retained
4420,0,0,0.26,0,0.1508,retained,retained,retained
11895,0,0,0.3133,0,0.0146,retained,retained,retained
12270,0,1,0.7683,1,0.668,retained,churned,churned
7949,0,0,0.0828,0,0.0132,retained,retained,retained
6738,0,0,0.2421,0,0.1087,retained,retained,retained
12444,0,0,0.112,0,0.0154,retained,retained,retained
3602,0,0,0.2041,0,0.0804,retained,retained,retained
11370,0,0,0.3788,0,0.2314,retained,retained,retained
8432,0,0,0.3415,0,0.227,retained,retained,retained
7611,0,1,0.5551,0,0.3658,retained,churned,retained
8089,0,0,0.4775,0,0.2071,retained,retained,retained
13481,0,0,0.4009,0,0.2623,retained,retained,retained
3877,0,0,0.1068,0,0.0561,retained,retained,retained
4577,0,1,0.7086,1,0.5698,retained,churned,churned
13911,1,1,0.8235,1,0.9254,churned,churned,churned
7630,0,1,0.6762,0,0.453,retained,churned,retained
5744,0,0,0.4918,0,0.2788,retained,retained,retained
1220,0,0,0.362,0,0.1819,retained,retained,retained
6090,0,0,0.2769,0,0.1706,retained,retained,retained
735,0,1,0.5532,0,0.4496,retained,churned,retained
9440,0,1,0.6888,0,0.4559,retained,churned,retained
12347,1,0,0.4625,0,0.2286,churned,retained,retained
10199,0,1,0.632,1,0.6303,retained,churned,churned
7200,0,0,0.4007,0,0.2724,retained,retained,retained
2140,0,1,0.6044,0,0.4191,retained,churned,retained
9971,0,0,0.2157,0,0.0549,retained,retained,retained
4125,0,0,0.4688,0,0.4134,retained,retained,retained
2347,0,0,0.2939,0,0.0726,retained,retained,retained
6784,0,1,0.6916,1,0.8285,retained,churned,churned
5712,0,0,0.3349,0,0.1506,retained,retained,retained
13036,0,1,0.7447,1,0.6776,retained,churned,churned
7868,0,0,0.2354,0,0.0327,retained,retained,retained
8011,0,0,0.3107,0,0.2503,retained,retained,retained
13783,0,0,0.1548,0,0.0639,retained,retained,retained
3949,0,0,0.0893,0,0.1182,retained,retained,retained
673,0,0,0.2591,0,0.0294,retained,retained,retained
13248,0,0,0.1969,0,0.0591,retained,retained,retained
11315,0,0,0.2325,0,0.0556,retained,retained,retained
6983,0,0,0.0618,0,0.0602,retained,retained,retained
8255,1,1,0.6731,1,0.6845,churned,churned,churned
1209,0,0,0.1508,0,0.085,retained,retained,retained
9698,1,1,0.866,1,0.7447,churned,churned,churned
13543,0,0,0.3551,0,0.2088,retained,retained,retained
7475,0,1,0.5046,1,0.6551,retained,churned,churned
13966,0,0,0.1463,0,0.0827,retained,retained,retained
7886,0,1,0.7274,1,0.678,retained,churned,churned
8322,0,1,0.5392,0,0.2904,retained,churned,retained
865,0,0,0.1789,0,0.1167,retained,retained,retained
11632,0,0,0.3391,0,0.1841,retained,retained,retained
7756,0,0,0.3662,0,0.3462,retained,retained,retained
6535,1,0,0.3151,0,0.0798,churned,retained,retained
8154,0,0,0.1851,0,0.1632,retained,retained,retained
8996,0,0,0.2528,0,0.108,retained,retained,retained
12751,1,0,0.3848,0,0.4066,churned,retained,retained
13963,0,0,0.3457,0,0.1698,retained,retained,retained
12164,0,0,0.3857,0,0.2689,retained,retained,retained
9491,0,0,0.1944,0,0.0711,retained,retained,retained
7414,0,0,0.2293,0,0.0968,retained,retained,retained
12057,0,0,0.3744,0,0.1488,retained,retained,retained
990,0,0,0.4963,1,0.6521,retained,retained,churned
7142,0,0,0.4688,0,0.4536,retained,retained,retained
5624,1,0,0.1649,0,0.0279,churned,retained,retained
11011,1,0,0.2918,0,0.4,churned,retained,retained
4060,0,1,0.6441,1,0.6748,retained,churned,churned
6039,0,0,0.2797,0,0.0611,retained,retained,retained
9052,0,0,0.3353,0,0.2714,retained,retained,retained
1072,0,0,0.1935,0,0.1765,retained,retained,retained
141,0,0,0.1184,0,0.0355,retained,retained,retained
5404,0,0,0.0687,0,0.0226,retained,retained,retained
7645,1,1,0.6752,1,0.6665,churned,churned,churned
1062,0,1,0.7427,1,0.8272,retained,churned,churned
9376,1,0,0.2243,0,0.1052,churned,retained,retained
3630,0,0,0.2872,0,0.0551,retained,retained,retained
2492,0,1,0.5741,0,0.3658,retained,churned,retained
1930,0,1,0.8121,1,0.6894,retained,churned,churned
1783,0,0,0.4159,0,0.2427,retained,retained,retained
10856,0,0,0.3619,0,0.1861,retained,retained,retained
4368,1,1,0.6558,0,0.3928,churned,churned,retained
720,0,0,0.2634,0,0.0674,retained,retained,retained
7271,1,0,0.3297,0,0.1628,churned,retained,retained
14692,0,1,0.6658,1,0.5277,retained,churned,churned
3924,0,1,0.783,1,0.8039,retained,churned,churned
9442,0,0,0.2558,0,0.2426,retained,retained,retained
13571,0,0,0.2776,0,0.121,retained,retained,retained
10171,0,0,0.4543,0,0.249,retained,retained,retained
4568,0,0,0.4572,1,0.5339,retained,retained,churned
11753,0,1,0.5399,0,0.087,retained,churned,retained
5824,0,1,0.7761,1,0.6346,retained,churned,churned
7827,0,1,0.5194,0,0.3758,retained,churned,retained
6572,1,0,0.475,0,0.2993,churned,retained,retained
6550,0,1,0.5382,0,0.1335,retained,churned,retained
3955,0,1,0.5707,0,0.3533,retained,churned,retained
3509,0,1,0.5611,0,0.4397,retained,churned,retained
8349,0,0,0.4714,1,0.5855,retained,retained,churned
3275,0,0,0.1623,0,0.0964,retained,retained,retained
14874,1,1,0.7462,1,0.5834,churned,churned,churned
5664,0,0,0.3268,0,0.3391,retained,retained,retained
2822,0,1,0.6217,1,0.7713,retained,churned,churned
6610,0,1,0.8036,1,0.7163,retained,churned,churned
7616,0,0,0.214,0,0.0716,retained,retained,retained
11445,0,1,0.5536,0,0.4795,retained,churned,retained
10148,0,0,0.1234,0,0.0251,retained,retained,retained
6877,0,0,0.1525,0,0.0485,retained,retained,retained
4928,0,0,0.2056,0,0.0822,retained,retained,retained
13465,0,0,0.4181,1,0.5802,retained,retained,churned
12415,0,0,0.1458,0,0.0482,retained,retained,retained
3444,0,0,0.1882,0,0.144,retained,retained,retained
9302,0,0,0.3123,0,0.1166,retained,retained,retained
4459,1,1,0.578,1,0.6277,churned,churned,churned
3185,0,0,0.3752,0,0.3316,retained,retained,retained
4585,0,0,0.2324,0,0.1735,retained,retained,retained
9998,0,0,0.4114,0,0.211,retained,retained,retained
6931,0,1,0.6203,1,0.554,retained,churned,churned
5670,0,0,0.324,0,0.2228,retained,retained,retained
6301,1,1,0.7703,1,0.5107,churned,churned,churned
4552,0,0,0.21,0,0.0415,retained,retained,retained
754,0,0,0.1786,0,0.0059,retained,retained,retained
3197,1,1,0.5962,0,0.313,churned,churned,retained
13183,0,1,0.8812,1,0.7549,retained,churned,churned
8435,0,0,0.1784,0,0.0413,retained,retained,retained
7474,0,0,0.2062,0,0.1198,retained,retained,retained
12329,0,0,0.1681,0,0.1218,retained,retained,retained
10366,0,1,0.681,1,0.5118,retained,churned,churned
9827,1,1,0.6038,0,0.1699,churned,churned,retained
5190,0,1,0.5873,1,0.5188,retained,churned,churned
2804,1,1,0.7793,1,0.795,churned,churned,churned
13129,0,0,0.2378,0,0.0571,retained,retained,retained
8804,0,0,0.2067,0,0.125,retained,retained,retained
9538,0,0,0.1216,0,0.0385,retained,retained,retained
14018,1,1,0.7008,1,0.5538,churned,churned,churned
6524,1,0,0.1165,0,0.0749,churned,retained,retained
3099,0,1,0.7019,1,0.629,retained,churned,churned
1265,0,0,0.4163,0,0.2986,retained,retained,retained
7659,1,1,0.8586,1,0.8481,churned,churned,churned
12289,0,0,0.3188,0,0.1697,retained,retained,retained
4747,1,0,0.4179,1,0.6334,churned,retained,churned
8282,0,1,0.8109,1,0.7229,retained,churned,churned
12920,1,1,0.6924,0,0.1922,churned,churned,retained
9978,0,1,0.5957,1,0.5608,retained,churned,churned
7605,0,1,0.701,1,0.5475,retained,churned,churned
7589,0,0,0.2438,0,0.1923,retained,retained,retained
14981,0,0,0.2311,0,0.1556,retained,retained,retained
13445,0,0,0.1124,0,0.0852,retained,retained,retained
4408,0,0,0.2799,0,0.1004,retained,retained,retained
3274,0,0,0.3853,0,0.1793,retained,retained,retained
13174,0,0,0.1362,0,0.1108,retained,retained,retained
13164,0,1,0.5604,0,0.3119,retained,churned,retained
11455,0,0,0.3992,0,0.2736,retained,retained,retained
9731,0,0,0.4064,0,0.255,retained,retained,retained
4860,0,1,0.6989,0,0.3698,retained,churned,retained
6753,0,1,0.6172,1,0.7613,retained,churned,churned
1473,1,1,0.5451,0,0.0582,churned,churned,retained
4913,1,1,0.7417,1,0.8759,churned,churned,churned
14325,0,0,0.3326,0,0.1868,retained,retained,retained
4309,0,1,0.7489,1,0.5161,retained,churned,churned
3566,0,0,0.2751,0,0.2087,retained,retained,retained
8529,0,1,0.6665,0,0.2935,retained,churned,retained
7544,1,1,0.7627,1,0.6487,churned,churned,churned
7536,0,1,0.5158,1,0.6219,retained,churned,churned
2107,0,0,0.1296,0,0.045,retained,retained,retained
4660,0,0,0.2412,0,0.0856,retained,retained,retained
109,0,1,0.6023,0,0.3848,retained,churned,retained
5310,0,0,0.3576,0,0.2699,retained,retained,retained
14133,0,0,0.0781,0,0.0203,retained,retained,retained
5338,0,1,0.652,0,0.4788,retained,churned,retained
11433,0,0,0.4198,0,0.182,retained,retained,retained
10836,1,1,0.7594,1,0.5603,churned,churned,churned
8910,0,1,0.7211,1,0.5813,retained,churned,churned
2889,0,1,0.7444,1,0.6183,retained,churned,churned
12868,0,1,0.7293,1,0.6792,retained,churned,churned
13023,0,1,0.5776,1,0.6061,retained,churned,churned
10459,1,1,0.514,0,0.2098,churned,churned,retained
1951,1,0,0.2286,0,0.0941,churned,retained,retained
6126,0,1,0.5167,0,0.2662,retained,churned,retained
11562,0,0,0.2602,0,0.4242,retained,retained,retained
1266,0,1,0.5642,1,0.5548,retained,churned,churned
3953,0,0,0.4519,0,0.2937,retained,retained,retained
7835,0,0,0.1351,0,0.0659,retained,retained,retained
8967,0,1,0.8478,1,0.5785,retained,churned,churned
4095,1,0,0.2449,0,0.0657,churned,retained,retained
12557,0,0,0.3035,0,0.1668,retained,retained,retained
11541,0,1,0.634,1,0.5604,retained,churned,churned
1340,0,1,0.777,1,0.6087,retained,churned,churned
3072,0,1,0.5771,0,0.4167,retained,churned,retained
8715,0,0,0.2157,0,0.2793,retained,retained,retained
13689,1,1,0.5902,0,0.4893,churned,churned,retained
5156,0,0,0.2805,0,0.2053,retained,retained,retained
11388,0,1,0.7068,1,0.6252,retained,churned,churned
14246,1,1,0.6178,1,0.5953,churned,churned,churned
5098,0,1,0.7256,1,0.6177,retained,churned,churned
5681,0,1,0.7571,1,0.7398,retained,churned,churned
10894,0,0,0.1839,0,0.2513,retained,retained,retained
4653,0,0,0.4312,0,0.3939,retained,retained,retained
2670,0,0,0.3537,0,0.1886,retained,retained,retained
6944,0,0,0.2188,0,0.233,retained,retained,retained
12721,0,1,0.7227,0,0.3179,retained,churned,retained
9564,0,0,0.1956,0,0.0228,retained,retained,retained
9944,0,0,0.2254,0,0.0407,retained,retained,retained
8298,0,0,0.2022,0,0.0472,retained,retained,retained
4811,0,0,0.2992,0,0.1347,retained,retained,retained
447,0,0,0.3702,0,0.2962,retained,retained,retained
6925,0,0,0.0951,0,0.0789,retained,retained,retained
4371,0,0,0.1307,0,0.0328,retained,retained,retained
10688,0,1,0.599,0,0.3396,retained,churned,retained
3150,0,0,0.2677,0,0.1462,retained,retained,retained
11084,0,0,0.3673,0,0.4627,retained,retained,retained
1374,1,0,0.309,0,0.0897,churned,retained,retained
4581,0,1,0.5686,0,0.3768,retained,churned,retained
326,0,0,0.3623,0,0.2052,retained,retained,retained
10295,0,0,0.1981,0,0.2822,retained,retained,retained
293,1,0,0.2889,0,0.0689,churned,retained,retained
10417,0,1,0.6838,1,0.5811,retained,churned,churned
4212,0,0,0.1428,0,0.0963,retained,retained,retained
646,0,0,0.4972,0,0.3351,retained,retained,retained
13564,0,0,0.2034,0,0.0273,retained,retained,retained
13813,0,1,0.7284,1,0.5035,retained,churned,churned
5779,0,0,0.4666,0,0.2224,retained,retained,retained
14966,1,0,0.2304,0,0.1191,churned,retained,retained
1591,0,1,0.5631,0,0.3069,retained,churned,retained
12740,1,0,0.4657,0,0.4035,churned,retained,retained
6189,0,1,0.5759,1,0.5057,retained,churned,churned
7256,0,1,0.5737,0,0.2555,retained,churned,retained
4494,0,1,0.5492,0,0.3294,retained,churned,retained
11901,0,1,0.6343,0,0.3764,retained,churned,retained
9974,0,0,0.1623,0,0.0239,retained,retained,retained
11237,1,1,0.7553,1,0.8035,churned,churned,churned
10183,0,0,0.3544,0,0.1529,retained,retained,retained
14648,0,0,0.4757,1,0.7941,retained,retained,churned
4181,0,1,0.5036,0,0.3031,retained,churned,retained
1665,0,0,0.1319,0,0.0499,retained,retained,retained
4758,0,0,0.2156,0,0.1629,retained,retained,retained
2087,0,1,0.651,1,0.5216,retained,churned,churned
2068,0,0,0.1992,0,0.036,retained,retained,retained
11875,0,0,0.2559,0,0.0217,retained,retained,retained
12047,1,1,0.6557,1,0.5373,churned,churned,churned
9151,0,0,0.1768,0,0.023,retained,retained,retained
3814,0,0,0.2545,0,0.2827,retained,retained,retained
11413,0,0,0.1596,0,0.0291,retained,retained,retained
11065,0,0,0.1793,0,0.1102,retained,retained,retained
2563,0,0,0.423,0,0.0587,retained,retained,retained
3143,1,1,0.7811,1,0.7615,churned,churned,churned
7592,0,1,0.7177,0,0.3096,retained,churned,retained
5935,0,1,0.6369,1,0.5208,retained,churned,churned
7058,0,1,0.5359,1,0.5717,retained,churned,churned
7521,0,0,0.2939,0,0.0612,retained,retained,retained
154,0,0,0.4517,0,0.4738,retained,retained,retained
7488,0,1,0.6433,1,0.7074,retained,churned,churned
9132,1,1,0.714,1,0.6278,churned,churned,churned
14176,0,0,0.4628,1,0.5122,retained,retained,churned
8250,0,1,0.6593,1,0.6006,retained,churned,churned
5223,1,1,0.6104,1,0.5597,churned,churned,churned
7183,0,0,0.2614,0,0.2243,retained,retained,retained
11399,0,1,0.7792,1,0.7101,retained,churned,churned
3593,0,1,0.693,1,0.6057,retained,churned,churned
3839,0,0,0.1075,0,0.0301,retained,retained,retained
9513,0,0,0.2581,0,0.2037,retained,retained,retained
10568,0,0,0.3577,0,0.3406,retained,retained,retained
1158,1,1,0.741,1,0.8027,churned,churned,churned
531,0,0,0.3513,0,0.1874,retained,retained,retained
3495,0,1,0.529,0,0.2007,retained,churned,retained
3621,0,0,0.2456,0,0.2872,retained,retained,retained
2323,1,0,0.1261,0,0.0527,churned,retained,retained
5259,0,0,0.3733,0,0.1775,retained,retained,retained
11560,0,0,0.1534,0,0.0965,retained,retained,retained
8411,0,1,0.5431,0,0.3817,retained,churned,retained
13936,0,0,0.1049,0,0.0661,retained,retained,retained
2476,0,1,0.5075,0,0.3448,retained,churned,retained
14091,0,0,0.4438,0,0.4464,retained,retained,retained
3558,0,0,0.1738,0,0.1419,retained,retained,retained
3610,0,1,0.6452,1,0.5374,retained,churned,churned
8767,0,0,0.2229,0,0.1811,retained,retained,retained
4648,0,1,0.5939,0,0.4484,retained,churned,retained
4221,1,1,0.6888,1,0.6362,churned,churned,churned
5517,0,0,0.4242,0,0.2022,retained,retained,retained
5696,1,0,0.364,0,0.1058,churned,retained,retained
4700,0,1,0.7924,1,0.5145,retained,churned,churned
1578,0,0,0.2833,0,0.2549,retained,retained,retained
4175,1,1,0.6494,1,0.6033,churned,churned,churned
3003,0,0,0.4277,0,0.3134,retained,retained,retained
7644,0,1,0.7862,1,0.7962,retained,churned,churned
6357,0,0,0.221,0,0.0884,retained,retained,retained
7505,0,0,0.1011,0,0.073,retained,retained,retained
14049,1,1,0.6155,1,0.6677,churned,churned,churned
3780,1,1,0.7297,1,0.6727,churned,churned,churned
10635,0,1,0.8093,1,0.6521,retained,churned,churned
4768,0,1,0.8178,1,0.7882,retained,churned,churned
252,1,1,0.7765,1,0.819,churned,churned,churned
8850,0,1,0.5191,0,0.3689,retained,churned,retained
11563,1,1,0.5954,0,0.3433,churned,churned,retained
1427,1,0,0.4153,0,0.31,churned,retained,retained
13949,0,0,0.2142,0,0.0351,retained,retained,retained
11596,0,0,0.3584,0,0.1037,retained,retained,retained
8104,0,1,0.6975,1,0.5846,retained,churned,churned
2918,0,1,0.6255,0,0.3311,retained,churned,retained
13993,0,1,0.6667,1,0.5473,retained,churned,churned
1511,0,0,0.4934,0,0.1732,retained,retained,retained
10062,0,0,0.0898,0,0.0478,retained,retained,retained
6779,0,1,0.6443,0,0.3909,retained,churned,retained
6797,0,0,0.2132,0,0.1199,retained,retained,retained
14557,0,0,0.2876,0,0.4141,retained,retained,retained
13592,0,0,0.3601,0,0.3301,retained,retained,retained
11013,0,1,0.5989,1,0.5031,retained,churned,churned
1792,0,0,0.4671,0,0.4061,retained,retained,retained
12456,1,1,0.6426,0,0.1513,churned,churned,retained
13200,0,1,0.6896,1,0.8317,retained,churned,churned
13435,0,0,0.0724,0,0.0271,retained,retained,retained
6449,0,1,0.6084,0,0.1559,retained,churned,retained
10242,0,0,0.1474,0,0.1428,retained,retained,retained
3707,0,0,0.3924,0,0.126,retained,retained,retained
7215,0,1,0.6656,0,0.1878,retained,churned,retained
300,0,0,0.2087,0,0.1075,retained,retained,retained
7402,1,1,0.5114,0,0.414,churned,churned,retained
1332,0,0,0.4325,0,0.1613,retained,retained,retained
861,0,1,0.5196,0,0.3779,retained,churned,retained
10585,0,0,0.2708,0,0.264,retained,retained,retained
8248,0,0,0.2577,0,0.1493,retained,retained,retained
12710,0,0,0.2567,0,0.1727,retained,retained,retained
2332,0,0,0.316,0,0.3342,retained,retained,retained
4481,0,0,0.1848,0,0.1382,retained,retained,retained
3162,1,1,0.8806,1,0.9253,churned,churned,churned
4732,0,1,0.6436,1,0.5692,retained,churned,churned
7543,0,1,0.6904,1,0.5551,retained,churned,churned
11721,0,1,0.8187,1,0.6878,retained,churned,churned
4438,0,0,0.4478,0,0.2382,retained,retained,retained
6059,0,1,0.5511,0,0.4975,retained,churned,retained
2965,1,1,0.5438,0,0.1257,churned,churned,retained
7394,0,0,0.1305,0,0.0522,retained,retained,retained
2067,0,0,0.1853,0,0.0548,retained,retained,retained
6767,0,0,0.196,0,0.3051,retained,retained,retained
6263,0,1,0.5914,0,0.3299,retained,churned,retained
6920,1,0,0.1875,0,0.2297,churned,retained,retained
4367,0,0,0.1082,0,0.0408,retained,retained,retained
2528,0,0,0.4475,0,0.4813,retained,retained,retained
6191,0,0,0.1374,0,0.0751,retained,retained,retained
1460,1,1,0.5504,1,0.526,churned,churned,churned
4399,1,1,0.8105,1,0.8938,churned,churned,churned
92,0,1,0.7296,0,0.4488,retained,churned,retained
12423,0,0,0.1277,0,0.0502,retained,retained,retained
6966,0,1,0.7036,1,0.5535,retained,churned,churned
1104,0,0,0.1348,0,0.037,retained,retained,retained
1184,0,0,0.3877,0,0.3999,retained,retained,retained
7434,1,1,0.648,0,0.4814,churned,churned,retained
10169,0,1,0.7567,1,0.7511,retained,churned,churned
12813,0,0,0.2098,0,0.0242,retained,retained,retained
7998,0,0,0.4021,0,0.2014,retained,retained,retained
8593,1,1,0.8281,1,0.8159,churned,churned,churned
5873,0,0,0.3801,0,0.2323,retained,retained,retained
2721,0,0,0.3104,0,0.2597,retained,retained,retained
11808,0,0,0.2317,0,0.0422,retained,retained,retained
2412,0,0,0.3655,0,0.3547,retained,retained,retained
13047,0,0,0.2355,0,0.1853,retained,retained,retained
14617,0,0,0.3939,0,0.1187,retained,retained,retained
4462,0,0,0.0918,0,0.0554,retained,retained,retained
3838,0,0,0.3578,0,0.0804,retained,retained,retained
10431,0,1,0.6352,0,0.3814,retained,churned,retained
14055,0,0,0.1763,0,0.2466,retained,retained,retained
14745,0,1,0.7031,0,0.3946,retained,churned,retained
14241,0,1,0.5186,0,0.2506,retained,churned,retained
13902,0,1,0.7634,1,0.794,retained,churned,churned
14672,1,1,0.7674,1,0.5984,churned,churned,churned
12454,0,0,0.1536,0,0.0312,retained,retained,retained
4814,1,1,0.5623,0,0.4929,churned,churned,retained
4889,0,0,0.2123,0,0.1115,retained,retained,retained
14219,0,0,0.1436,0,0.0549,retained,retained,retained
8510,0,0,0.2564,0,0.1969,retained,retained,retained
13919,1,1,0.7217,0,0.2987,churned,churned,retained
9203,0,0,0.3876,1,0.5049,retained,retained,churned
12295,0,0,0.3781,0,0.1345,retained,retained,retained
14597,0,0,0.3196,0,0.091,retained,retained,retained
2221,1,1,0.6318,1,0.6539,churned,churned,churned
8002,0,0,0.1212,0,0.2168,retained,retained,retained
14682,0,1,0.6631,1,0.6833,retained,churned,churned
4229,0,0,0.3995,0,0.0911,retained,retained,retained
6351,0,0,0.2661,0,0.316,retained,retained,retained
9237,1,1,0.7999,1,0.8554,churned,churned,churned
6453,0,0,0.1567,0,0.0833,retained,retained,retained
5501,0,0,0.2273,0,0.1091,retained,retained,retained
7406,1,1,0.8226,1,0.9605,churned,churned,churned
14833,1,1,0.5128,1,0.6019,churned,churned,churned
5759,0,0,0.4048,0,0.0977,retained,retained,retained
10876,0,0,0.0853,0,0.0138,retained,retained,retained
2473,0,1,0.6679,1,0.6331,retained,churned,churned
7066,0,0,0.4644,0,0.2206,retained,retained,retained
1621,0,1,0.642,0,0.4761,retained,churned,retained
3503,1,1,0.7173,0,0.4637,churned,churned,retained
2170,0,0,0.1942,0,0.2094,retained,retained,retained
10013,0,1,0.6309,0,0.439,retained,churned,retained
8876,0,0,0.1142,0,0.1041,retained,retained,retained
14815,0,0,0.0698,0,0.0537,retained,retained,retained
6799,1,1,0.8047,1,0.6637,churned,churned,churned
13616,0,0,0.3729,0,0.2946,retained,retained,retained
6256,0,0,0.2208,0,0.1085,retained,retained,retained
3101,0,0,0.1712,0,0.4084,retained,retained,retained
3154,0,0,0.1554,0,0.0493,retained,retained,retained
14600,0,0,0.3081,0,0.1304,retained,retained,retained
13661,0,0,0.1108,0,0.0101,retained,retained,retained
12777,0,0,0.1421,0,0.0588,retained,retained,retained
8007,1,0,0.4637,0,0.3257,churned,retained,retained
11516,0,0,0.1944,0,0.0185,retained,retained,retained
5431,1,1,0.8383,1,0.8897,churned,churned,churned
14896,0,0,0.1925,0,0.0154,retained,retained,retained
6458,0,1,0.8877,1,0.7809,retained,churned,churned
853,0,1,0.5422,0,0.1916,retained,churned,retained
7973,0,0,0.1282,0,0.1434,retained,retained,retained
4547,0,0,0.1885,0,0.1827,retained,retained,retained
11972,1,1,0.7725,1,0.747,churned,churned,churned
170,0,0,0.3025,0,0.0753,retained,retained,retained
9742,0,1,0.839,1,0.6353,retained,churned,churned
13551,0,1,0.7024,0,0.289,retained,churned,retained
7341,0,0,0.2728,0,0.0329,retained,retained,retained
10226,0,1,0.6827,1,0.6653,retained,churned,churned
1028,1,1,0.8051,1,0.8345,churned,churned,churned
3146,0,0,0.1372,0,0.1397,retained,retained,retained
10993,0,0,0.4283,0,0.0641,retained,retained,retained
13360,0,1,0.6727,0,0.3704,retained,churned,retained
11868,0,0,0.1843,0,0.0537,retained,retained,retained
603,1,0,0.3751,0,0.1655,churned,retained,retained
1224,0,0,0.1687,0,0.1155,retained,retained,retained
1223,1,1,0.5657,0,0.3213,churned,churned,retained
5972,0,0,0.0845,0,0.0614,retained,retained,retained
3682,0,0,0.2003,0,0.0335,retained,retained,retained
14324,1,0,0.2689,0,0.1909,churned,retained,retained
14407,0,0,0.1832,0,0.0609,retained,retained,retained
9073,1,1,0.5017,0,0.3034,churned,churned,retained
3643,0,0,0.2103,0,0.2165,retained,retained,retained
6701,0,0,0.2059,0,0.0889,retained,retained,retained
13915,0,0,0.4026,0,0.1573,retained,retained,retained
19,0,0,0.3696,0,0.4215,retained,retained,retained
3119,0,1,0.5889,0,0.3301,retained,churned,retained
13233,0,1,0.7338,1,0.8226,retained,churned,churned
3195,0,0,0.1454,0,0.0493,retained,retained,retained
13980,0,0,0.2471,0,0.2294,retained,retained,retained
5068,1,1,0.5093,0,0.3035,churned,churned,retained
525,0,1,0.5289,0,0.3128,retained,churned,retained
4744,0,1,0.7775,1,0.5484,retained,churned,churned
11203,0,0,0.3757,0,0.1967,retained,retained,retained
9618,0,1,0.6139,0,0.2981,retained,churned,retained
13087,0,0,0.2428,0,0.1085,retained,retained,retained
7888,0,1,0.8031,1,0.9384,retained,churned,churned
1240,0,0,0.1165,0,0.1173,retained,retained,retained
12744,0,0,0.2759,0,0.1181,retained,retained,retained
6720,1,1,0.5189,0,0.3351,churned,churned,retained
8523,0,1,0.5081,1,0.5244,retained,churned,churned
366,0,0,0.4823,0,0.4512,retained,retained,retained
3517,1,1,0.5305,0,0.2977,churned,churned,retained
8642,0,0,0.3128,0,0.0885,retained,retained,retained
1458,0,0,0.214,0,0.1099,retained,retained,retained
13398,0,0,0.3033,0,0.2379,retained,retained,retained
8905,0,1,0.688,1,0.5781,retained,churned,churned
10050,0,1,0.5155,0,0.2367,retained,churned,retained
3230,1,1,0.7045,1,0.7613,churned,churned,churned
10348,0,0,0.3693,0,0.1965,retained,retained,retained
1669,0,1,0.6388,0,0.3235,retained,churned,retained
12282,0,0,0.1688,0,0.1099,retained,retained,retained
6187,0,0,0.0955,0,0.023,retained,retained,retained
11840,0,0,0.1943,0,0.4485,retained,retained,retained
10644,0,0,0.2199,0,0.1686,retained,retained,retained
4595,0,1,0.7125,0,0.4894,retained,churned,retained
2816,1,1,0.5963,0,0.338,churned,churned,retained
5822,0,0,0.1202,0,0.0283,retained,retained,retained
11368,0,0,0.3598,0,0.2331,retained,retained,retained
1741,0,1,0.582,0,0.2882,retained,churned,retained
349,0,0,0.3974,0,0.3302,retained,retained,retained
12746,0,0,0.3156,0,0.3009,retained,retained,retained
8109,0,1,0.7013,1,0.7262,retained,churned,churned
4655,0,1,0.7476,0,0.4811,retained,churned,retained
8736,0,0,0.0866,0,0.0097,retained,retained,retained
14556,0,0,0.1373,0,0.0469,retained,retained,retained
5650,0,1,0.5645,1,0.5204,retained,churned,churned
4799,1,1,0.6731,1,0.8128,churned,churned,churned
6427,0,0,0.3768,0,0.1877,retained,retained,retained
12499,0,0,0.3863,0,0.0467,retained,retained,retained
3788,0,0,0.3418,0,0.1893,retained,retained,retained
10742,0,1,0.5325,0,0.2689,retained,churned,retained
3157,0,0,0.317,0,0.1549,retained,retained,retained
11410,0,1,0.5464,1,0.6744,retained,churned,churned
8743,0,0,0.1951,0,0.1328,retained,retained,retained
921,0,0,0.2654,0,0.1733,retained,retained,retained
11936,0,0,0.3452,0,0.2469,retained,retained,retained
2252,1,1,0.5025,1,0.694,churned,churned,churned
5949,0,0,0.2748,0,0.4828,retained,retained,retained
12649,0,0,0.3533,0,0.1224,retained,retained,retained
9646,0,0,0.193,0,0.029,retained,retained,retained
6681,0,0,0.4814,0,0.2313,retained,retained,retained
10440,0,0,0.2198,0,0.1059,retained,retained,retained
6816,0,1,0.6307,1,0.7821,retained,churned,churned
2451,0,0,0.1168,0,0.0161,retained,retained,retained
12747,0,0,0.4661,1,0.5698,retained,retained,churned
2320,0,0,0.2072,0,0.1875,retained,retained,retained
3364,1,1,0.7795,1,0.8829,churned,churned,churned
14750,0,0,0.3833,0,0.1369,retained,retained,retained
2104,0,0,0.1336,0,0.105,retained,retained,retained
7902,0,1,0.8521,1,0.5829,retained,churned,churned
2995,0,0,0.2814,0,0.1407,retained,retained,retained
7347,1,1,0.7491,1,0.7359,churned,churned,churned
3767,0,0,0.4253,0,0.3079,retained,retained,retained
7234,0,0,0.1628,0,0.1018,retained,retained,retained
8170,0,1,0.5439,0,0.3867,retained,churned,retained
5112,0,0,0.2743,0,0.1409,retained,retained,retained
2620,0,0,0.2911,0,0.1515,retained,retained,retained
13605,1,0,0.4485,0,0.3135,churned,retained,retained
538,0,0,0.1594,0,0.1105,retained,retained,retained
10333,0,0,0.1874,0,0.0578,retained,retained,retained
14967,0,0,0.1869,0,0.0138,retained,retained,retained
3683,1,0,0.3084,0,0.3212,churned,retained,retained
8546,0,0,0.2054,0,0.1557,retained,retained,retained
10689,0,0,0.0988,0,0.0117,retained,retained,retained
46,1,1,0.7394,1,0.623,churned,churned,churned
14103,1,1,0.7782,1,0.7197,churned,churned,churned
3013,0,0,0.4561,0,0.2933,retained,retained,retained
12213,0,0,0.4094,0,0.2303,retained,retained,retained
1304,0,0,0.1946,0,0.1465,retained,retained,retained
11580,0,0,0.1337,0,0.0365,retained,retained,retained
10466,0,0,0.2652,0,0.0936,retained,retained,retained
3898,0,1,0.5591,1,0.5574,retained,churned,churned
11362,0,0,0.2426,0,0.0574,retained,retained,retained
7106,0,0,0.1766,0,0.1115,retained,retained,retained
8058,0,1,0.6879,1,0.502,retained,churned,churned
2791,1,1,0.8324,1,0.8927,churned,churned,churned
1480,0,0,0.1666,0,0.0562,retained,retained,retained
1282,0,1,0.7711,1,0.7155,retained,churned,churned
13603,0,0,0.2479,0,0.1645,retained,retained,retained
4103,1,1,0.7071,1,0.7848,churned,churned,churned
3783,0,1,0.6279,1,0.5178,retained,churned,churned
13979,0,0,0.3285,0,0.0609,retained,retained,retained
8953,0,0,0.1379,0,0.0241,retained,retained,retained
8764,0,1,0.6546,0,0.3272,retained,churned,retained
2547,0,0,0.3501,0,0.1418,retained,retained,retained
2745,0,0,0.2255,0,0.0643,retained,retained,retained
8818,0,1,0.6641,1,0.6315,retained,churned,churned
13873,0,0,0.2837,0,0.3268,retained,retained,retained
4331,0,0,0.3639,0,0.1302,retained,retained,retained
10007,0,0,0.4054,0,0.1457,retained,retained,retained
4725,0,0,0.0992,0,0.0738,retained,retained,retained
5919,1,1,0.6454,1,0.8169,churned,churned,churned
1876,1,1,0.757,1,0.885,churned,churned,churned
4486,0,0,0.3703,0,0.1986,retained,retained,retained
536,0,0,0.2905,0,0.1817,retained,retained,retained
11670,0,1,0.7859,0,0.4174,retained,churned,retained
5027,0,1,0.593,0,0.3968,retained,churned,retained
10025,0,0,0.2708,0,0.0328,retained,retained,retained
2560,0,0,0.1815,0,0.1306,retained,retained,retained
9301,0,0,0.1448,0,0.1158,retained,retained,retained
7129,1,1,0.5288,0,0.2236,churned,churned,retained
12936,0,1,0.6302,1,0.5838,retained,churned,churned
899,0,0,0.4909,0,0.2556,retained,retained,retained
2237,0,1,0.712,1,0.5951,retained,churned,churned
13776,0,1,0.5481,0,0.1073,retained,churned,retained
4841,1,0,0.2018,0,0.1084,churned,retained,retained
10947,0,1,0.7905,1,0.6519,retained,churned,churned
7169,0,1,0.5621,0,0.2642,retained,churned,retained
1969,0,1,0.7662,1,0.6419,retained,churned,churned
13167,1,1,0.7603,0,0.2621,churned,churned,retained
4508,0,0,0.1763,0,0.0645,retained,retained,retained
3937,0,0,0.3857,0,0.1263,retained,retained,retained
6345,0,0,0.0759,0,0.0522,retained,retained,retained
8773,0,0,0.1271,0,0.0352,retained,retained,retained
680,0,0,0.3075,0,0.174,retained,retained,retained
12992,0,0,0.1574,0,0.0393,retained,retained,retained
10416,0,1,0.5125,1,0.5201,retained,churned,churned
5574,0,0,0.13,0,0.0246,retained,retained,retained
13841,0,0,0.3491,0,0.1009,retained,retained,retained
7064,0,0,0.2302,0,0.3177,retained,retained,retained
6194,0,0,0.1686,0,0.039,retained,retained,retained
10607,0,1,0.8123,1,0.6004,retained,churned,churned
3791,0,1,0.6788,1,0.5731,retained,churned,churned
5114,0,0,0.2339,0,0.0767,retained,retained,retained
13130,0,0,0.3421,0,0.2557,retained,retained,retained
9414,0,0,0.3921,0,0.1125,retained,retained,retained
13179,0,1,0.5293,0,0.1693,retained,churned,retained
9260,1,1,0.6606,1,0.6362,churned,churned,churned
14733,0,0,0.3564,0,0.1197,retained,retained,retained
4397,0,0,0.1638,0,0.0341,retained,retained,retained
2314,0,1,0.5494,0,0.1442,retained,churned,retained
1319,0,0,0.1675,0,0.0937,retained,retained,retained
13968,0,0,0.4636,0,0.3023,retained,retained,retained
3984,1,1,0.8843,1,0.8029,churned,churned,churned
11381,0,0,0.3548,0,0.092,retained,retained,retained
10684,1,1,0.6209,1,0.6584,churned,churned,churned
10141,0,0,0.1882,0,0.2202,retained,retained,retained
3474,0,0,0.2467,0,0.0959,retained,retained,retained
14004,0,0,0.1449,0,0.053,retained,retained,retained
12118,0,1,0.9059,1,0.7908,retained,churned,churned
9090,0,0,0.1481,0,0.0609,retained,retained,retained
14013,0,0,0.1293,0,0.065,retained,retained,retained
10315,0,0,0.2442,0,0.1623,retained,retained,retained
10540,0,0,0.3759,0,0.107,retained,retained,retained
9350,0,1,0.5056,0,0.4201,retained,churned,retained
7936,0,0,0.1693,0,0.1179,retained,retained,retained
2070,0,0,0.1325,0,0.0641,retained,retained,retained
13971,0,0,0.4016,0,0.0736,retained,retained,retained
14935,1,1,0.5472,0,0.4383,churned,churned,retained
6109,0,0,0.4432,0,0.1554,retained,retained,retained
9662,0,1,0.6911,1,0.5544,retained,churned,churned
5124,1,1,0.6722,1,0.6349,churned,churned,churned
10145,0,0,0.1576,0,0.0134,retained,retained,retained
5006,0,1,0.5695,0,0.3245,retained,churned,retained
7367,0,0,0.3912,0,0.3777,retained,retained,retained
1622,0,0,0.376,0,0.0623,retained,retained,retained
8886,0,0,0.4814,0,0.0776,retained,retained,retained
10630,0,0,0.1708,0,0.1471,retained,retained,retained
12670,0,0,0.1691,0,0.0661,retained,retained,retained
11717,0,0,0.3186,0,0.0818,retained,retained,retained
8683,1,1,0.8719,1,0.7586,churned,churned,churned
1651,0,0,0.2453,0,0.0795,retained,retained,retained
11293,0,1,0.5146,0,0.4203,retained,churned,retained
11260,0,0,0.3963,0,0.2107,retained,retained,retained
4340,0,0,0.2618,0,0.0617,retained,retained,retained
12384,0,1,0.7366,1,0.6568,retained,churned,churned
8366,0,0,0.3026,0,0.2058,retained,retained,retained
5324,0,1,0.5411,0,0.2718,retained,churned,retained
413,0,0,0.3499,0,0.432,retained,retained,retained
7946,0,0,0.0908,0,0.0477,retained,retained,retained
178,0,1,0.5263,0,0.2575,retained,churned,retained
2605,0,0,0.1234,0,0.0277,retained,retained,retained
11350,0,1,0.5165,1,0.6679,retained,churned,churned
897,0,1,0.5089,0,0.2277,retained,churned,retained
427,0,0,0.0888,0,0.0072,retained,retained,retained
13758,0,1,0.5186,1,0.6664,retained,churned,churned
12094,0,0,0.193,0,0.0842,retained,retained,retained
8623,0,0,0.3081,0,0.2543,retained,retained,retained
5748,0,1,0.6078,0,0.4984,retained,churned,retained
11897,0,0,0.137,0,0.0946,retained,retained,retained
11158,1,1,0.7781,0,0.4299,churned,churned,retained
9211,0,0,0.1989,0,0.0543,retained,retained,retained
11556,0,0,0.1622,0,0.0581,retained,retained,retained
7241,0,0,0.4908,1,0.5382,retained,retained,churned
14807,1,1,0.8081,1,0.8591,churned,churned,churned
12085,0,0,0.0839,0,0.0438,retained,retained,retained
2108,0,0,0.1491,0,0.1094,retained,retained,retained
8024,1,1,0.539,0,0.2908,churned,churned,retained
13809,0,1,0.5661,1,0.5414,retained,churned,churned
9718,0,0,0.2785,0,0.2327,retained,retained,retained
9086,0,0,0.4456,0,0.1046,retained,retained,retained
311,1,1,0.6628,1,0.5635,churned,churned,churned
2830,0,0,0.3545,0,0.2074,retained,retained,retained
7257,0,0,0.1377,0,0.0191,retained,retained,retained
13790,0,0,0.297,0,0.0261,retained,retained,retained
11687,1,0,0.3594,0,0.1671,churned,retained,retained
8189,0,0,0.2581,0,0.1104,retained,retained,retained
1758,0,1,0.6265,1,0.6006,retained,churned,churned
922,0,0,0.2727,0,0.3065,retained,retained,retained
3476,0,0,0.2265,0,0.1365,retained,retained,retained
11263,0,0,0.344,0,0.4515,retained,retained,retained
5493,0,1,0.689,1,0.6123,retained,churned,churned
9435,1,1,0.7418,1,0.827,churned,churned,churned
3465,1,1,0.6488,1,0.5819,churned,churned,churned
2388,1,1,0.5779,0,0.3499,churned,churned,retained
12149,0,0,0.2453,0,0.164,retained,retained,retained
6683,1,1,0.588,0,0.231,churned,churned,retained
3165,0,1,0.5893,1,0.6714,retained,churned,churned
7763,1,1,0.7163,1,0.69,churned,churned,churned
1728,0,1,0.5862,0,0.3139,retained,churned,retained
2647,0,0,0.3341,0,0.2665,retained,retained,retained
630,1,1,0.6706,0,0.4205,churned,churned,retained
4254,0,1,0.7151,1,0.6684,retained,churned,churned
10566,0,0,0.1329,0,0.0132,retained,retained,retained
10776,0,0,0.4604,0,0.3616,retained,retained,retained
11209,1,1,0.7994,1,0.8711,churned,churned,churned
13875,1,1,0.7092,1,0.7772,churned,churned,churned
3238,0,1,0.7217,0,0.4867,retained,churned,retained
3467,0,0,0.136,0,0.1048,retained,retained,retained
14906,1,1,0.5945,0,0.4918,churned,churned,retained
8180,0,0,0.2334,0,0.1451,retained,retained,retained
13947,0,0,0.3313,0,0.1121,retained,retained,retained
7852,0,1,0.5736,0,0.4004,retained,churned,retained
6200,1,1,0.6567,0,0.2212,churned,churned,retained
7087,0,0,0.4387,0,0.2726,retained,retained,retained
5753,0,0,0.482,0,0.3596,retained,retained,retained
9647,0,0,0.1184,0,0.0185,retained,retained,retained
8834,0,0,0.1404,0,0.0195,retained,retained,retained
1382,0,1,0.6192,0,0.4938,retained,churned,retained
1357,0,1,0.5343,0,0.0616,retained,churned,retained
1605,0,1,0.6176,0,0.3177,retained,churned,retained
11621,0,0,0.4016,0,0.1315,retained,retained,retained
1631,0,1,0.6533,0,0.2461,retained,churned,retained
3786,1,0,0.4799,0,0.3939,churned,retained,retained
9967,1,0,0.1333,0,0.0949,churned,retained,retained
14129,0,1,0.5193,1,0.5246,retained,churned,churned
10507,0,1,0.7987,1,0.7694,retained,churned,churned
4783,0,0,0.148,0,0.0467,retained,retained,retained
12559,0,0,0.2163,0,0.1103,retained,retained,retained
8045,0,0,0.2144,0,0.1364,retained,retained,retained
10557,1,1,0.8413,1,0.7497,churned,churned,churned
10056,0,0,0.1906,0,0.0714,retained,retained,retained
7056,0,1,0.597,1,0.5368,retained,churned,churned
87,0,1,0.7705,1,0.7082,retained,churned,churned
12842,0,0,0.3247,0,0.4011,retained,retained,retained
8352,0,1,0.5816,1,0.5108,retained,churned,churned
1843,0,0,0.1308,0,0.1286,retained,retained,retained
14624,1,0,0.4096,0,0.0904,churned,retained,retained
10573,0,0,0.415,0,0.1422,retained,retained,retained
4960,0,0,0.3551,0,0.2053,retained,retained,retained
14899,0,0,0.0916,0,0.0088,retained,retained,retained
618,0,0,0.0876,0,0.0968,retained,retained,retained
1853,0,0,0.1392,0,0.0351,retained,retained,retained
9887,0,1,0.7083,1,0.7124,retained,churned,churned
7638,0,1,0.6959,1,0.6098,retained,churned,churned
10219,0,1,0.5536,0,0.1353,retained,churned,retained
11280,0,0,0.3087,0,0.0894,retained,retained,retained
6547,0,0,0.0964,0,0.0383,retained,retained,retained
2091,1,1,0.6543,1,0.6229,churned,churned,churned
1358,0,1,0.8191,1,0.542,retained,churned,churned
13397,0,1,0.6645,1,0.5731,retained,churned,churned
4063,0,1,0.5315,0,0.3781,retained,churned,retained
9043,0,1,0.719,1,0.8278,retained,churned,churned
3277,0,0,0.4991,0,0.3615,retained,retained,retained
813,0,1,0.6812,0,0.4318,retained,churned,retained
11448,0,0,0.3138,0,0.0522,retained,retained,retained
2901,0,1,0.5781,0,0.2691,retained,churned,retained
1439,0,0,0.2066,0,0.1929,retained,retained,retained
7672,0,0,0.1616,0,0.0626,retained,retained,retained
7305,0,0,0.4021,0,0.0852,retained,retained,retained
8313,0,0,0.2523,0,0.3315,retained,retained,retained
10666,0,1,0.6465,1,0.626,retained,churned,churned
7989,0,0,0.4646,0,0.3043,retained,retained,retained
1441,0,0,0.198,0,0.0569,retained,retained,retained
2257,0,0,0.1307,0,0.0199,retained,retained,retained
7118,0,0,0.4603,0,0.3268,retained,retained,retained
9853,1,0,0.481,1,0.5992,churned,retained,churned
7872,0,0,0.4832,0,0.1087,retained,retained,retained
4226,0,1,0.6249,1,0.6749,retained,churned,churned
2359,0,0,0.3342,0,0.1772,retained,retained,retained
10754,0,0,0.1399,0,0.0611,retained,retained,retained
2625,0,0,0.27,0,0.0957,retained,retained,retained
5133,0,0,0.1206,0,0.0345,retained,retained,retained
4021,0,1,0.6875,0,0.2348,retained,churned,retained
3251,0,1,0.6594,0,0.4226,retained,churned,retained
1039,0,0,0.2765,0,0.2898,retained,retained,retained
14032,0,0,0.196,0,0.0815,retained,retained,retained
10331,0,1,0.6383,1,0.5438,retained,churned,churned
1760,0,1,0.5668,1,0.5556,retained,churned,churned
12794,0,0,0.4637,0,0.3551,retained,retained,retained
9449,0,0,0.4523,0,0.2107,retained,retained,retained
12538,1,1,0.7329,1,0.7522,churned,churned,churned
11233,0,1,0.5408,1,0.6578,retained,churned,churned
6239,0,1,0.6387,1,0.5514,retained,churned,churned
4292,0,0,0.1387,0,0.0638,retained,retained,retained
4521,1,0,0.3943,0,0.2304,churned,retained,retained
7097,0,0,0.2689,0,0.0849,retained,retained,retained
11484,0,0,0.3923,0,0.3965,retained,retained,retained
12134,0,0,0.2228,0,0.2011,retained,retained,retained
2599,0,0,0.1775,0,0.0356,retained,retained,retained
12498,0,0,0.4818,0,0.4566,retained,retained,retained
1986,0,0,0.3368,0,0.3263,retained,retained,retained
3581,1,1,0.6368,0,0.2901,churned,churned,retained
2366,0,0,0.1049,0,0.0474,retained,retained,retained
8906,0,1,0.5045,0,0.124,retained,churned,retained
12039,0,0,0.4377,0,0.2302,retained,retained,retained
13328,0,0,0.1883,0,0.089,retained,retained,retained
2305,0,0,0.4879,0,0.1334,retained,retained,retained
5635,0,0,0.4752,0,0.4885,retained,retained,retained
3968,0,1,0.5544,0,0.2597,retained,churned,retained
9694,1,0,0.4848,0,0.2353,churned,retained,retained
5372,0,1,0.5632,1,0.6379,retained,churned,churned
6365,0,0,0.4156,0,0.2874,retained,retained,retained
3882,0,1,0.6996,0,0.4691,retained,churned,retained
180,0,0,0.3438,0,0.1039,retained,retained,retained
14071,0,0,0.0646,0,0.1119,retained,retained,retained
13454,0,0,0.1157,0,0.0466,retained,retained,retained
3512,1,0,0.3558,0,0.1662,churned,retained,retained
1687,0,0,0.4853,0,0.4261,retained,retained,retained
9569,0,0,0.4709,0,0.4033,retained,retained,retained
9805,0,0,0.1975,0,0.14,retained,retained,retained
128,0,1,0.7139,1,0.8428,retained,churned,churned
8557,0,0,0.3112,0,0.1948,retained,retained,retained
260,0,1,0.6669,0,0.3164,retained,churned,retained
7551,0,0,0.3442,0,0.0518,retained,retained,retained
7315,0,1,0.7685,1,0.5316,retained,churned,churned
2298,0,0,0.1854,0,0.0576,retained,retained,retained
11029,0,0,0.3837,0,0.1335,retained,retained,retained
8857,0,1,0.5423,0,0.3262,retained,churned,retained
10781,1,1,0.8217,1,0.6861,churned,churned,churned
4337,0,0,0.2645,0,0.0451,retained,retained,retained
10791,0,1,0.5981,1,0.5489,retained,churned,churned
1425,1,1,0.7595,1,0.615,churned,churned,churned
3673,0,1,0.6244,0,0.4142,retained,churned,retained
14663,0,1,0.8251,0,0.3748,retained,churned,retained
2742,0,0,0.3245,0,0.3606,retained,retained,retained
11713,0,0,0.1821,0,0.0845,retained,retained,retained
8962,0,0,0.195,0,0.1214,retained,retained,retained
5071,1,1,0.727,0,0.3737,churned,churned,retained
5366,0,0,0.1602,0,0.0318,retained,retained,retained
5321,0,1,0.7957,1,0.7551,retained,churned,churned
12181,0,0,0.4395,0,0.2572,retained,retained,retained
7004,0,0,0.2071,0,0.2814,retained,retained,retained
4602,0,1,0.59,1,0.5836,retained,churned,churned
13931,0,0,0.3673,0,0.1923,retained,retained,retained
3011,1,1,0.5413,0,0.3024,churned,churned,retained
1093,1,1,0.7328,1,0.7734,churned,churned,churned
14606,0,0,0.1817,0,0.1127,retained,retained,retained
11518,0,0,0.1807,0,0.1139,retained,retained,retained
5423,0,0,0.0629,0,0.0311,retained,retained,retained
6142,0,1,0.7209,1,0.8677,retained,churned,churned
10156,0,0,0.3463,0,0.0718,retained,retained,retained
11385,1,1,0.6484,1,0.5761,churned,churned,churned
4113,0,0,0.1932,0,0.0287,retained,retained,retained
11649,0,0,0.2775,0,0.1588,retained,retained,retained
10108,0,1,0.7898,1,0.7896,retained,churned,churned
12396,1,1,0.6399,0,0.4364,churned,churned,retained
11421,1,0,0.188,0,0.0609,churned,retained,retained
9107,1,0,0.4377,0,0.4758,churned,retained,retained
8296,1,1,0.7268,1,0.6112,churned,churned,churned
10706,0,0,0.1177,0,0.0554,retained,retained,retained
4733,1,1,0.5365,0,0.2512,churned,churned,retained
6909,1,0,0.3196,0,0.3656,churned,retained,retained
2703,0,0,0.2728,0,0.2298,retained,retained,retained
7141,1,0,0.3549,0,0.2315,churned,retained,retained
2041,0,0,0.1613,0,0.0666,retained,retained,retained
13503,0,0,0.1597,0,0.1102,retained,retained,retained
8911,0,1,0.5659,0,0.315,retained,churned,retained
10602,0,0,0.3138,1,0.5396,retained,retained,churned
14892,0,0,0.42,0,0.2263,retained,retained,retained
9775,0,0,0.4959,0,0.4262,retained,retained,retained
4920,1,1,0.7166,0,0.498,churned,churned,retained
5968,0,1,0.5256,0,0.2299,retained,churned,retained
12686,0,0,0.1675,0,0.1054,retained,retained,retained
7943,0,1,0.6394,0,0.4348,retained,churned,retained
748,0,1,0.7194,1,0.6754,retained,churned,churned
13989,1,0,0.3655,1,0.589,churned,retained,churned
4383,0,1,0.5398,1,0.6817,retained,churned,churned
5826,1,0,0.3974,0,0.3531,churned,retained,retained
4257,0,0,0.4789,0,0.2045,retained,retained,retained
81,1,1,0.7174,1,0.5434,churned,churned,churned
11804,1,1,0.6436,1,0.6822,churned,churned,churned
9221,1,1,0.6875,1,0.5145,churned,churned,churned
13197,0,1,0.565,1,0.6343,retained,churned,churned
12839,1,1,0.7853,0,0.3788,churned,churned,retained
6868,0,0,0.4861,0,0.1691,retained,retained,retained
8657,0,1,0.6485,1,0.5427,retained,churned,churned
8901,0,0,0.1842,0,0.1534,retained,retained,retained
10064,0,1,0.7125,1,0.8106,retained,churned,churned
8961,1,1,0.7632,1,0.6386,churned,churned,churned
9208,1,1,0.7546,1,0.7775,churned,churned,churned
5756,0,0,0.093,0,0.0246,retained,retained,retained
7399,0,0,0.2408,0,0.1205,retained,retained,retained
12048,0,0,0.1106,0,0.0353,retained,retained,retained
818,0,0,0.2319,0,0.1873,retained,retained,retained
2704,0,0,0.1543,0,0.3426,retained,retained,retained
14963,0,0,0.2484,0,0.0629,retained,retained,retained
7987,0,0,0.2946,0,0.1451,retained,retained,retained
1573,1,1,0.7615,1,0.7606,churned,churned,churned
8476,0,0,0.443,0,0.2212,retained,retained,retained
10679,0,0,0.2867,0,0.0667,retained,retained,retained
10398,0,0,0.2308,0,0.1057,retained,retained,retained
12871,1,0,0.3502,0,0.1044,churned,retained,retained
8054,0,1,0.5445,1,0.5236,retained,churned,churned
3368,0,0,0.4531,0,0.4294,retained,retained,retained
8162,0,0,0.2711,0,0.1084,retained,retained,retained
7977,1,1,0.8374,1,0.8153,churned,churned,churned
5817,0,1,0.5608,1,0.5677,retained,churned,churned
14276,0,0,0.3746,0,0.088,retained,retained,retained
8971,0,1,0.5323,0,0.2104,retained,churned,retained
4815,0,0,0.3276,0,0.2824,retained,retained,retained
2454,0,1,0.8752,0,0.4777,retained,churned,retained
1602,0,0,0.1188,0,0.1403,retained,retained,retained
12824,0,0,0.29,0,0.2021,retained,retained,retained
1361,0,0,0.2138,0,0.2522,retained,retained,retained
5442,0,0,0.2497,0,0.1923,retained,retained,retained
1546,0,1,0.5287,1,0.6512,retained,churned,churned
72,0,0,0.1808,0,0.0831,retained,retained,retained
4143,1,1,0.6993,1,0.7857,churned,churned,churned
14569,0,0,0.2479,0,0.0795,retained,retained,retained
6120,0,0,0.1901,0,0.0597,retained,retained,retained
2768,1,1,0.6447,1,0.6512,churned,churned,churned
13306,0,1,0.5303,1,0.505,retained,churned,churned
9703,0,1,0.7546,0,0.3371,retained,churned,retained
523,0,0,0.1697,0,0.0356,retained,retained,retained
9045,0,0,0.0729,0,0.0849,retained,retained,retained
8312,0,0,0.1722,0,0.1473,retained,retained,retained
11365,0,0,0.3068,0,0.2712,retained,retained,retained
13354,0,0,0.4995,0,0.3251,retained,retained,retained
1972,0,1,0.7077,1,0.5536,retained,churned,churned
14163,0,0,0.2583,0,0.1015,retained,retained,retained
12818,0,1,0.5848,1,0.6521,retained,churned,churned
13217,0,0,0.3926,0,0.3829,retained,retained,retained
4677,0,0,0.3654,0,0.3232,retained,retained,retained
4726,0,0,0.3526,0,0.1392,retained,retained,retained
282,0,0,0.1323,0,0.1409,retained,retained,retained
1671,0,1,0.7471,1,0.5595,retained,churned,churned
4260,0,1,0.6585,1,0.6515,retained,churned,churned
14913,0,1,0.5753,1,0.5966,retained,churned,churned
3466,0,1,0.5691,0,0.4187,retained,churned,retained
12187,0,1,0.5509,1,0.6175,retained,churned,churned
7035,1,1,0.7348,1,0.5908,churned,churned,churned
10078,0,1,0.7836,0,0.421,retained,churned,retained
3016,0,0,0.4822,0,0.2133,retained,retained,retained
8460,0,1,0.504,0,0.2872,retained,churned,retained
12073,1,0,0.4914,0,0.3124,churned,retained,retained
6487,0,0,0.1628,0,0.1043,retained,retained,retained
1344,0,0,0.1351,0,0.0524,retained,retained,retained
14019,0,1,0.636,0,0.1359,retained,churned,retained
5834,0,0,0.3504,0,0.0983,retained,retained,retained
11708,0,0,0.192,0,0.2467,retained,retained,retained
2382,0,0,0.3947,0,0.3905,retained,retained,retained
5848,0,0,0.1223,0,0.0099,retained,retained,retained
14056,0,0,0.4931,0,0.3312,retained,retained,retained
13175,1,0,0.3497,0,0.1574,churned,retained,retained
1637,0,0,0.1934,0,0.0255,retained,retained,retained
815,0,0,0.1387,0,0.095,retained,retained,retained
8236,0,1,0.7359,1,0.5594,retained,churned,churned
1500,0,0,0.3369,0,0.4693,retained,retained,retained
9323,0,0,0.385,0,0.1967,retained,retained,retained
14953,0,0,0.4475,0,0.1959,retained,retained,retained
3407,0,0,0.3505,0,0.3055,retained,retained,retained
4055,0,1,0.7579,1,0.6703,retained,churned,churned
9481,0,1,0.8109,1,0.5566,retained,churned,churned
11097,0,0,0.1913,0,0.0447,retained,retained,retained
9947,0,1,0.5436,0,0.4834,retained,churned,retained
10581,0,0,0.4189,0,0.0563,retained,retained,retained
188,0,0,0.1907,0,0.4457,retained,retained,retained
7121,0,0,0.1614,0,0.0321,retained,retained,retained
9673,1,1,0.7045,0,0.4222,churned,churned,retained
3177,1,1,0.836,1,0.7999,churned,churned,churned
6815,0,0,0.0663,0,0.0229,retained,retained,retained
7815,0,1,0.8381,1,0.5221,retained,churned,churned
9410,0,0,0.3034,0,0.0292,retained,retained,retained
9270,0,1,0.516,0,0.2933,retained,churned,retained
980,0,0,0.3213,0,0.1799,retained,retained,retained
11015,0,0,0.155,0,0.0647,retained,retained,retained
10463,0,1,0.5085,0,0.2391,retained,churned,retained
9990,0,1,0.6669,1,0.6318,retained,churned,churned
89,0,0,0.4085,0,0.1998,retained,retained,retained
14120,1,0,0.1557,0,0.0199,churned,retained,retained
1988,0,1,0.7117,1,0.5126,retained,churned,churned
14735,1,1,0.73,1,0.5704,churned,churned,churned
5678,0,0,0.2925,1,0.6594,retained,retained,churned
9128,1,1,0.5514,0,0.3533,churned,churned,retained
9134,0,0,0.0913,0,0.0447,retained,retained,retained
8224,0,1,0.6711,0,0.3672,retained,churned,retained
1682,0,0,0.3248,0,0.066,retained,retained,retained
1150,0,0,0.2902,0,0.0346,retained,retained,retained
8340,0,0,0.4592,0,0.2258,retained,retained,retained
2810,0,0,0.1759,0,0.0495,retained,retained,retained
8828,0,0,0.0996,0,0.0404,retained,retained,retained
173,1,0,0.1843,0,0.0691,churned,retained,retained
11389,0,0,0.2083,0,0.0715,retained,retained,retained
2197,0,0,0.1982,0,0.1073,retained,retained,retained
4237,0,0,0.0907,0,0.2837,retained,retained,retained
13704,0,1,0.615,0,0.4968,retained,churned,retained
14543,0,0,0.3261,0,0.0896,retained,retained,retained
3591,0,0,0.4081,0,0.3669,retained,retained,retained
9239,1,1,0.5748,0,0.3882,churned,churned,retained
13111,0,0,0.0898,0,0.016,retained,retained,retained
7575,1,1,0.6674,0,0.3207,churned,churned,retained
1250,1,0,0.4662,0,0.2184,churned,retained,retained
8563,0,0,0.3259,0,0.13,retained,retained,retained
2848,0,0,0.4861,0,0.1804,retained,retained,retained
3219,1,1,0.5102,1,0.5395,churned,churned,churned
11907,0,0,0.26,0,0.1192,retained,retained,retained
7677,0,1,0.6958,1,0.7327,retained,churned,churned
4268,0,0,0.2473,0,0.2185,retained,retained,retained
1369,0,1,0.7578,1,0.6178,retained,churned,churned
9176,0,0,0.2053,0,0.1706,retained,retained,retained
2826,1,1,0.5883,0,0.4205,churned,churned,retained
8884,0,1,0.6906,1,0.6689,retained,churned,churned
13870,0,0,0.4387,1,0.5499,retained,retained,churned
10833,0,0,0.3977,0,0.1865,retained,retained,retained
4557,0,0,0.4596,1,0.5054,retained,retained,churned
11841,1,0,0.1549,0,0.0271,churned,retained,retained
1398,1,0,0.3405,0,0.2199,churned,retained,retained
691,0,0,0.1886,0,0.1171,retained,retained,retained
4511,0,0,0.4199,0,0.2867,retained,retained,retained
3416,0,0,0.4302,0,0.2767,retained,retained,retained
14420,0,0,0.1986,0,0.0363,retained,retained,retained
2988,0,1,0.6364,0,0.494,retained,churned,retained
10155,0,1,0.5766,1,0.5314,retained,churned,churned
394,0,0,0.1645,0,0.0958,retained,retained,retained
8865,0,1,0.5445,1,0.6528,retained,churned,churned
3204,1,0,0.1423,0,0.054,churned,retained,retained
9619,0,0,0.326,0,0.1323,retained,retained,retained
1725,0,0,0.4378,0,0.2014,retained,retained,retained
8781,0,1,0.8233,1,0.7451,retained,churned,churned
2658,0,0,0.4377,0,0.4347,retained,retained,retained
11625,0,0,0.1667,0,0.166,retained,retained,retained
2640,0,1,0.636,0,0.4908,retained,churned,retained
14164,0,0,0.196,0,0.0638,retained,retained,retained
11651,0,0,0.3395,0,0.2765,retained,retained,retained
598,0,0,0.0926,0,0.0048,retained,retained,retained
6687,0,0,0.0982,0,0.0462,retained,retained,retained
14380,1,1,0.5776,0,0.168,churned,churned,retained
11884,0,1,0.5988,0,0.2362,retained,churned,retained
5224,0,1,0.7137,0,0.2976,retained,churned,retained
591,1,1,0.7445,1,0.5528,churned,churned,churned
3329,0,0,0.1499,0,0.0917,retained,retained,retained
10110,0,0,0.1931,0,0.1339,retained,retained,retained
4527,1,1,0.5464,0,0.3779,churned,churned,retained
14052,0,0,0.1491,0,0.034,retained,retained,retained
7654,1,1,0.6102,0,0.4691,churned,churned,retained
2269,0,0,0.1976,0,0.0737,retained,retained,retained
672,1,1,0.5098,0,0.2804,churned,churned,retained
7165,0,0,0.4512,0,0.18,retained,retained,retained
13699,0,0,0.1218,0,0.0208,retained,retained,retained
4838,1,1,0.5957,1,0.7086,churned,churned,churned
14024,0,0,0.4953,1,0.653,retained,retained,churned
2661,0,1,0.514,0,0.4687,retained,churned,retained
8941,0,1,0.5748,0,0.3079,retained,churned,retained
6819,0,1,0.532,0,0.2698,retained,churned,retained
1100,0,1,0.5408,0,0.3169,retained,churned,retained
12941,0,0,0.1306,0,0.0204,retained,retained,retained
9175,0,1,0.5631,1,0.5202,retained,churned,churned
887,0,0,0.1899,0,0.0865,retained,retained,retained
3027,0,0,0.1108,0,0.0152,retained,retained,retained
7530,0,1,0.7472,0,0.1969,retained,churned,retained
14471,0,0,0.4683,0,0.3984,retained,retained,retained
1225,0,1,0.7227,1,0.7681,retained,churned,churned
3012,0,0,0.191,0,0.3633,retained,retained,retained
2632,0,0,0.2013,0,0.0754,retained,retained,retained
13166,0,1,0.5359,1,0.6215,retained,churned,churned
9650,0,0,0.3224,0,0.084,retained,retained,retained
6951,0,1,0.7523,1,0.6578,retained,churned,churned
295,0,0,0.1471,0,0.0675,retained,retained,retained
10279,0,0,0.1861,0,0.2218,retained,retained,retained
14954,0,1,0.5299,0,0.3861,retained,churned,retained
6851,0,0,0.3858,0,0.1207,retained,retained,retained
14773,1,1,0.6314,1,0.5024,churned,churned,churned
10737,0,0,0.1083,0,0.1067,retained,retained,retained
6210,0,0,0.2366,0,0.1816,retained,retained,retained
1219,0,0,0.3101,0,0.1194,retained,retained,retained
7372,0,1,0.823,0,0.4367,retained,churned,retained
8459,0,0,0.1374,0,0.0493,retained,retained,retained
8655,0,0,0.2281,0,0.0985,retained,retained,retained
13418,0,1,0.6366,1,0.5158,retained,churned,churned
5081,0,1,0.5696,0,0.3148,retained,churned,retained
5104,1,1,0.8169,1,0.7577,churned,churned,churned
3510,0,0,0.1581,0,0.0145,retained,retained,retained
64,0,1,0.7422,1,0.5494,retained,churned,churned
9249,0,0,0.3794,0,0.2156,retained,retained,retained
9821,0,1,0.8178,1,0.6985,retained,churned,churned
4381,0,0,0.2283,0,0.1402,retained,retained,retained
1135,0,0,0.1148,0,0.0403,retained,retained,retained
9486,0,0,0.2136,0,0.247,retained,retained,retained
13492,0,0,0.1584,0,0.0279,retained,retained,retained
3362,1,1,0.5116,0,0.4237,churned,churned,retained
4782,1,1,0.793,1,0.8992,churned,churned,churned
4651,0,0,0.4286,0,0.4898,retained,retained,retained
10778,0,0,0.4889,1,0.5847,retained,retained,churned
2143,0,0,0.1876,0,0.0967,retained,retained,retained
12188,0,0,0.4107,0,0.2678,retained,retained,retained
3884,0,0,0.2859,0,0.0944,retained,retained,retained
11911,0,1,0.7065,1,0.5322,retained,churned,churned
14592,0,0,0.276,0,0.0852,retained,retained,retained
14438,0,0,0.0996,0,0.0496,retained,retained,retained
153,0,0,0.2491,0,0.115,retained,retained,retained
11733,0,1,0.6957,0,0.3412,retained,churned,retained
6425,0,1,0.5119,0,0.4241,retained,churned,retained
3492,0,1,0.5538,1,0.5243,retained,churned,churned
3637,0,1,0.5094,0,0.2888,retained,churned,retained
12377,0,0,0.2962,0,0.0624,retained,retained,retained
6398,1,1,0.5397,0,0.3464,churned,churned,retained
13044,0,0,0.4063,0,0.1637,retained,retained,retained
3709,0,1,0.7249,0,0.3905,retained,churned,retained
7327,0,1,0.605,0,0.2173,retained,churned,retained
3620,1,1,0.7053,1,0.5548,churned,churned,churned
3629,0,1,0.6523,0,0.4156,retained,churned,retained
3649,0,0,0.1716,0,0.0256,retained,retained,retained
5578,1,1,0.5729,0,0.1618,churned,churned,retained
13737,0,0,0.3287,0,0.1926,retained,retained,retained
14228,1,0,0.4241,0,0.1507,churned,retained,retained
3546,1,1,0.5611,0,0.2919,churned,churned,retained
5178,1,1,0.5634,0,0.3158,churned,churned,retained
1881,0,0,0.3423,0,0.2261,retained,retained,retained
9196,0,0,0.4178,0,0.0553,retained,retained,retained
6613,0,0,0.2528,0,0.1143,retained,retained,retained
7385,0,1,0.5028,0,0.346,retained,churned,retained
13890,0,0,0.2526,0,0.1186,retained,retained,retained
6151,0,1,0.759,1,0.6676,retained,churned,churned
13928,0,1,0.6526,1,0.7031,retained,churned,churned
2026,0,0,0.2241,0,0.0378,retained,retained,retained
8570,1,0,0.1092,0,0.1022,churned,retained,retained
4407,0,0,0.2404,0,0.419,retained,retained,retained
12616,0,0,0.2522,0,0.1472,retained,retained,retained
13914,0,0,0.2763,0,0.353,retained,retained,retained
3796,0,0,0.2771,0,0.0681,retained,retained,retained
2876,0,0,0.2926,0,0.1022,retained,retained,retained
2628,0,1,0.5416,0,0.4049,retained,churned,retained
14751,0,0,0.2105,0,0.0289,retained,retained,retained
4691,0,1,0.7789,1,0.725,retained,churned,churned
1496,1,1,0.6437,0,0.4374,churned,churned,retained
13744,0,0,0.1704,0,0.1261,retained,retained,retained
9578,1,1,0.5248,0,0.2298,churned,churned,retained
12363,0,1,0.6709,0,0.4653,retained,churned,retained
8931,0,0,0.3809,0,0.1803,retained,retained,retained
1810,1,1,0.7464,0,0.4969,churned,churned,retained
1498,0,0,0.3192,0,0.1181,retained,retained,retained
1908,0,1,0.5077,0,0.3314,retained,churned,retained
1002,0,1,0.6965,0,0.4064,retained,churned,retained
7623,1,0,0.4353,0,0.0962,churned,retained,retained
12759,0,1,0.5455,1,0.5924,retained,churned,churned
4388,0,0,0.23,0,0.1611,retained,retained,retained
9626,0,1,0.5423,1,0.5502,retained,churned,churned
4835,0,0,0.3435,0,0.2356,retained,retained,retained
10160,0,0,0.321,0,0.3064,retained,retained,retained
1961,0,0,0.4639,0,0.0588,retained,retained,retained
6231,1,0,0.1855,0,0.0245,churned,retained,retained
6466,0,1,0.6117,1,0.8456,retained,churned,churned
9992,1,1,0.568,0,0.4523,churned,churned,retained
4472,1,1,0.6507,0,0.4229,churned,churned,retained
4050,0,0,0.2403,0,0.0745,retained,retained,retained
14346,0,0,0.4377,0,0.2749,retained,retained,retained
14532,0,0,0.3768,0,0.3404,retained,retained,retained
324,1,1,0.5062,0,0.4825,churned,churned,retained
13763,0,0,0.1076,0,0.0161,retained,retained,retained
3440,0,1,0.6345,1,0.5833,retained,churned,churned
14196,0,0,0.1143,0,0.0087,retained,retained,retained
14431,0,0,0.3007,0,0.0563,retained,retained,retained
456,0,0,0.4236,0,0.1763,retained,retained,retained
9118,0,0,0.3905,0,0.4363,retained,retained,retained
1074,0,0,0.2115,0,0.2058,retained,retained,retained
2685,1,1,0.7424,1,0.5402,churned,churned,churned
6290,0,0,0.3617,0,0.0741,retained,retained,retained
4123,0,1,0.9098,1,0.8644,retained,churned,churned
13300,0,0,0.1869,0,0.1813,retained,retained,retained
8023,0,0,0.1763,0,0.0821,retained,retained,retained
6732,0,1,0.5038,0,0.2696,retained,churned,retained
383,0,0,0.4959,0,0.2818,retained,retained,retained
8605,0,1,0.7315,0,0.4855,retained,churned,retained
7893,0,1,0.7421,1,0.6828,retained,churned,churned
3870,0,1,0.6,0,0.3702,retained,churned,retained
7691,0,0,0.1425,0,0.0104,retained,retained,retained
14460,0,0,0.0658,0,0.0392,retained,retained,retained
2666,0,0,0.0859,0,0.0218,retained,retained,retained
7697,0,0,0.4426,0,0.2622,retained,retained,retained
3859,0,1,0.642,1,0.663,retained,churned,churned
14705,0,1,0.537,0,0.2629,retained,churned,retained
2775,0,0,0.1944,0,0.1597,retained,retained,retained
7526,0,1,0.7209,1,0.5318,retained,churned,churned
10610,0,0,0.1669,0,0.2891,retained,retained,retained
2813,0,0,0.1405,0,0.0428,retained,retained,retained
11211,0,1,0.5584,1,0.6399,retained,churned,churned
3085,0,1,0.6624,0,0.2532,retained,churned,retained
7201,0,0,0.0937,0,0.0525,retained,retained,retained
5572,0,0,0.0914,0,0.0577,retained,retained,retained
13826,0,0,0.38,0,0.2746,retained,retained,retained
14298,0,0,0.213,0,0.1195,retained,retained,retained
2226,0,0,0.2209,0,0.1535,retained,retained,retained
14290,0,1,0.5853,0,0.3058,retained,churned,retained
11058,0,1,0.6575,1,0.5225,retained,churned,churned
9924,0,0,0.2146,0,0.1955,retained,retained,retained
13735,0,1,0.7756,1,0.6618,retained,churned,churned
2159,0,0,0.1337,0,0.0311,retained,retained,retained
9274,1,1,0.5382,0,0.4504,churned,churned,retained
14476,0,0,0.2841,0,0.1064,retained,retained,retained
1190,0,0,0.121,0,0.0115,retained,retained,retained
9075,1,1,0.7333,1,0.661,churned,churned,churned
10422,0,0,0.3257,0,0.2817,retained,retained,retained
12115,0,0,0.4678,0,0.3695,retained,retained,retained
6310,1,1,0.5193,0,0.2341,churned,churned,retained
11123,0,0,0.182,0,0.0885,retained,retained,retained
14258,0,0,0.4785,0,0.2728,retained,retained,retained
7068,1,1,0.6842,1,0.7733,churned,churned,churned
9146,0,0,0.1471,0,0.082,retained,retained,retained
5715,0,1,0.7356,1,0.8263,retained,churned,churned
7581,0,0,0.4467,0,0.3083,retained,retained,retained
6488,0,0,0.29,0,0.222,retained,retained,retained
14351,0,1,0.6396,1,0.6371,retained,churned,churned
12588,0,1,0.5241,0,0.4556,retained,churned,retained
7686,0,1,0.5557,1,0.5911,retained,churned,churned
1566,0,0,0.3702,0,0.3163,retained,retained,retained
9182,0,0,0.139,0,0.0499,retained,retained,retained
8903,0,1,0.5532,0,0.3876,retained,churned,retained
3409,0,0,0.1734,0,0.0184,retained,retained,retained
13327,0,0,0.3319,0,0.1438,retained,retained,retained
512,0,1,0.7361,1,0.6341,retained,churned,churned
617,0,0,0.2052,0,0.2773,retained,retained,retained
5799,0,0,0.3561,0,0.2605,retained,retained,retained
1179,0,1,0.618,0,0.3339,retained,churned,retained
1230,0,1,0.807,1,0.7801,retained,churned,churned
4711,0,0,0.2702,0,0.1371,retained,retained,retained
8558,0,1,0.5825,1,0.5291,retained,churned,churned
442,0,1,0.6033,0,0.2784,retained,churned,retained
13361,0,0,0.4984,0,0.48,retained,retained,retained
14424,0,1,0.5072,0,0.3784,retained,churned,retained
9584,0,0,0.3302,0,0.1582,retained,retained,retained
11575,0,0,0.1314,0,0.03,retained,retained,retained
6051,0,0,0.1942,0,0.1698,retained,retained,retained
909,0,0,0.1393,0,0.1897,retained,retained,retained
9206,0,0,0.1156,0,0.0489,retained,retained,retained
14243,0,0,0.4094,0,0.3378,retained,retained,retained
3009,0,0,0.0955,0,0.022,retained,retained,retained
8299,0,0,0.2533,0,0.0986,retained,retained,retained
13177,0,1,0.5207,0,0.0485,retained,churned,retained
9733,0,0,0.4318,0,0.1952,retained,retained,retained
9769,0,1,0.6194,0,0.4701,retained,churned,retained
14436,0,0,0.4575,0,0.4737,retained,retained,retained
4015,0,1,0.648,1,0.5468,retained,churned,churned
2147,0,1,0.7174,1,0.5593,retained,churned,churned
8846,1,1,0.6274,1,0.5229,churned,churned,churned
10697,1,0,0.2212,0,0.0602,churned,retained,retained
6763,0,0,0.1418,0,0.0181,retained,retained,retained
2129,1,1,0.7693,1,0.7517,churned,churned,churned
820,0,1,0.5402,0,0.3205,retained,churned,retained
4807,0,0,0.1799,0,0.1317,retained,retained,retained
6844,0,0,0.4004,0,0.2849,retained,retained,retained
2919,0,0,0.3845,0,0.396,retained,retained,retained
6762,1,0,0.2544,0,0.1279,churned,retained,retained
13214,0,1,0.6446,0,0.3937,retained,churned,retained
9748,0,0,0.2751,0,0.1699,retained,retained,retained
9036,0,0,0.4724,0,0.2924,retained,retained,retained
13714,0,0,0.4136,0,0.1722,retained,retained,retained
2911,1,1,0.7506,1,0.8097,churned,churned,churned
12663,1,0,0.4268,0,0.2255,churned,retained,retained
14200,0,1,0.561,0,0.2844,retained,churned,retained
9358,0,0,0.0644,0,0.0201,retained,retained,retained
8875,0,0,0.3787,0,0.0889,retained,retained,retained
988,0,0,0.3456,0,0.0803,retained,retained,retained
13062,0,0,0.23,0,0.218,retained,retained,retained
7126,0,1,0.5199,0,0.3667,retained,churned,retained
10871,0,0,0.2583,0,0.4198,retained,retained,retained
14470,0,0,0.3734,0,0.2691,retained,retained,retained
6128,1,0,0.3991,0,0.2139,churned,retained,retained
12556,1,1,0.7721,1,0.5468,churned,churned,churned
11380,1,1,0.8219,1,0.8135,churned,churned,churned
14140,0,0,0.2552,0,0.2485,retained,retained,retained
6471,0,0,0.2032,0,0.0329,retained,retained,retained
1063,0,0,0.1343,0,0.124,retained,retained,retained
2118,0,0,0.1695,0,0.1027,retained,retained,retained
8010,0,0,0.2291,0,0.206,retained,retained,retained
1020,0,0,0.2013,0,0.0419,retained,retained,retained
11599,0,0,0.3772,0,0.1778,retained,retained,retained
1308,1,1,0.8198,1,0.8032,churned,churned,churned
1292,0,0,0.2322,0,0.0355,retained,retained,retained
10033,1,1,0.6825,0,0.3457,churned,churned,retained
13816,0,1,0.6793,1,0.7283,retained,churned,churned
3662,0,0,0.4179,0,0.2872,retained,retained,retained
13500,1,1,0.8665,1,0.8819,churned,churned,churned
6626,0,0,0.4875,0,0.3434,retained,retained,retained
6689,0,1,0.5513,1,0.7127,retained,churned,churned
7586,1,1,0.685,1,0.7817,churned,churned,churned
12787,0,1,0.8311,1,0.7583,retained,churned,churned
507,0,0,0.4054,0,0.4076,retained,retained,retained
13654,0,1,0.594,0,0.448,retained,churned,retained
3044,0,0,0.4547,0,0.4596,retained,retained,retained
7546,0,1,0.7338,1,0.5555,retained,churned,churned
7776,0,0,0.3737,0,0.1351,retained,retained,retained
7057,1,1,0.8347,1,0.8265,churned,churned,churned
5106,0,1,0.6106,1,0.7968,retained,churned,churned
1092,0,1,0.6244,0,0.3481,retained,churned,retained
5717,0,0,0.1697,0,0.0403,retained,retained,retained
8686,0,0,0.3175,0,0.1549,retained,retained,retained
3750,0,1,0.8413,1,0.8882,retained,churned,churned
14607,0,0,0.1016,0,0.0179,retained,retained,retained
856,0,0,0.3937,0,0.4088,retained,retained,retained
7027,0,0,0.304,0,0.1253,retained,retained,retained
9668,1,1,0.5258,0,0.2102,churned,churned,retained
508,0,0,0.174,0,0.1458,retained,retained,retained
14278,1,0,0.456,0,0.1035,churned,retained,retained
3922,0,1,0.7745,1,0.7867,retained,churned,churned
9126,0,0,0.2518,0,0.2426,retained,retained,retained
4170,1,1,0.7283,1,0.8017,churned,churned,churned
12100,0,0,0.3103,0,0.1629,retained,retained,retained
10790,0,0,0.2634,0,0.255,retained,retained,retained
6495,1,1,0.6785,1,0.7651,churned,churned,churned
3803,1,0,0.4538,0,0.4136,churned,retained,retained
9671,0,1,0.8021,1,0.7913,retained,churned,churned
6276,0,0,0.1936,0,0.0218,retained,retained,retained
7709,0,0,0.2419,0,0.0314,retained,retained,retained
11726,1,1,0.7981,1,0.7376,churned,churned,churned
8816,0,0,0.3502,0,0.1708,retained,retained,retained
2534,0,0,0.3257,0,0.2007,retained,retained,retained
7381,1,1,0.7948,1,0.6801,churned,churned,churned
6154,1,0,0.2417,0,0.1885,churned,retained,retained
12380,0,0,0.3913,0,0.226,retained,retained,retained
6978,0,0,0.4234,0,0.3977,retained,retained,retained
6628,0,1,0.7436,1,0.9231,retained,churned,churned
6062,0,0,0.1642,0,0.1526,retained,retained,retained
9605,0,0,0.4723,0,0.3471,retained,retained,retained
14334,1,1,0.6384,1,0.695,churned,churned,churned
11032,0,0,0.2168,0,0.1263,retained,retained,retained
6864,0,1,0.5,0,0.2236,retained,churned,retained
3005,1,1,0.5778,0,0.418,churned,churned,retained
7627,0,1,0.6335,1,0.6518,retained,churned,churned
3544,1,0,0.3729,0,0.1191,churned,retained,retained
6283,0,0,0.4299,0,0.4904,retained,retained,retained
10446,0,0,0.1922,0,0.4261,retained,retained,retained
987,0,0,0.3783,0,0.1886,retained,retained,retained
5689,1,0,0.3064,0,0.1709,churned,retained,retained
14995,0,0,0.1304,0,0.1547,retained,retained,retained
2101,0,0,0.2927,0,0.4044,retained,retained,retained
12299,0,1,0.5577,0,0.2528,retained,churned,retained
1444,0,0,0.1199,0,0.0458,retained,retained,retained
10764,0,0,0.2547,0,0.0849,retained,retained,retained
14881,0,1,0.7062,1,0.7957,retained,churned,churned
1018,0,0,0.3358,0,0.3849,retained,retained,retained
11295,0,0,0.4135,0,0.4978,retained,retained,retained
4751,0,0,0.2064,0,0.3441,retained,retained,retained
1032,1,1,0.7007,1,0.6027,churned,churned,churned
1646,0,0,0.2672,0,0.2024,retained,retained,retained
12731,0,0,0.2138,0,0.0896,retained,retained,retained
11574,0,1,0.5506,0,0.457,retained,churned,retained
10782,1,1,0.7888,1,0.7657,churned,churned,churned
7260,0,1,0.5027,0,0.323,retained,churned,retained
3934,0,0,0.2515,0,0.0642,retained,retained,retained
6750,0,1,0.7114,1,0.6269,retained,churned,churned
8404,0,0,0.4762,0,0.2148,retained,retained,retained
2598,0,0,0.1888,0,0.1845,retained,retained,retained
11693,0,0,0.1583,0,0.0439,retained,retained,retained
14089,0,0,0.3942,0,0.1406,retained,retained,retained
6915,0,0,0.4006,0,0.1231,retained,retained,retained
3098,0,1,0.5026,0,0.3615,retained,churned,retained
9701,1,0,0.4758,0,0.331,churned,retained,retained
8157,1,1,0.6064,1,0.614,churned,churned,churned
8787,0,0,0.3707,0,0.2429,retained,retained,retained
6009,1,1,0.7366,1,0.5241,churned,churned,churned
5139,0,1,0.7409,1,0.8632,retained,churned,churned
9764,0,0,0.1725,0,0.0649,retained,retained,retained
6264,0,0,0.2594,0,0.2925,retained,retained,retained
12919,0,1,0.6484,1,0.5372,retained,churned,churned
1878,1,1,0.5095,1,0.6356,churned,churned,churned
6514,0,0,0.2701,0,0.1272,retained,retained,retained
1601,0,1,0.5072,1,0.5298,retained,churned,churned
1929,1,1,0.7755,1,0.8176,churned,churned,churned
14292,0,0,0.1277,0,0.0421,retained,retained,retained
6680,0,0,0.3133,0,0.1668,retained,retained,retained
9829,0,0,0.2264,0,0.1557,retained,retained,retained
1785,0,0,0.439,0,0.2293,retained,retained,retained
12096,0,0,0.1374,0,0.1536,retained,retained,retained
13970,0,0,0.4004,0,0.4093,retained,retained,retained
7996,1,1,0.5019,0,0.3871,churned,churned,retained
2765,0,0,0.2127,0,0.3176,retained,retained,retained
158,0,1,0.5405,0,0.262,retained,churned,retained
6519,1,0,0.3393,0,0.3258,churned,retained,retained
10502,1,0,0.4522,0,0.2379,churned,retained,retained
8192,0,0,0.0748,0,0.0367,retained,retained,retained
4990,0,0,0.3008,0,0.1729,retained,retained,retained
4458,0,1,0.7213,1,0.5574,retained,churned,churned
10582,0,0,0.1009,0,0.0713,retained,retained,retained
7944,0,0,0.2408,0,0.1131,retained,retained,retained
12072,0,1,0.5418,0,0.4162,retained,churned,retained
6397,0,1,0.724,0,0.477,retained,churned,retained
2812,0,0,0.0811,0,0.0293,retained,retained,retained
13546,1,1,0.5755,0,0.2453,churned,churned,retained
6910,1,1,0.889,1,0.8772,churned,churned,churned
6055,0,0,0.1705,0,0.0498,retained,retained,retained
5770,1,1,0.5359,0,0.4855,churned,churned,retained
3182,0,0,0.1836,0,0.0435,retained,retained,retained
10832,0,0,0.4883,0,0.3321,retained,retained,retained
10715,0,1,0.669,0,0.3062,retained,churned,retained
9430,1,0,0.3454,0,0.0688,churned,retained,retained
12479,0,1,0.5844,0,0.4286,retained,churned,retained
5794,1,0,0.1637,0,0.217,churned,retained,retained
6512,0,0,0.4817,0,0.1059,retained,retained,retained
11989,0,1,0.6112,1,0.5804,retained,churned,churned
6374,1,1,0.7597,1,0.5469,churned,churned,churned
7092,1,0,0.2015,0,0.2537,churned,retained,retained
5279,0,0,0.1726,0,0.0462,retained,retained,retained
10235,1,1,0.5556,0,0.4823,churned,churned,retained
13869,0,0,0.0961,0,0.0235,retained,retained,retained
8381,1,0,0.3754,0,0.2131,churned,retained,retained
14720,0,0,0.2338,0,0.1576,retained,retained,retained
3382,0,1,0.5525,0,0.3461,retained,churned,retained
9976,0,0,0.2443,0,0.0502,retained,retained,retained
11466,1,1,0.746,1,0.7218,churned,churned,churned
15,0,1,0.6825,0,0.4798,retained,churned,retained
6875,0,0,0.3947,0,0.0249,retained,retained,retained
7848,0,0,0.2401,0,0.1388,retained,retained,retained
7166,0,0,0.2064,0,0.3658,retained,retained,retained
14955,1,0,0.4048,0,0.1656,churned,retained,retained
13253,0,0,0.1631,0,0.0216,retained,retained,retained
6974,0,0,0.1229,0,0.1441,retained,retained,retained
7769,1,1,0.7953,1,0.7307,churned,churned,churned
1113,0,1,0.7361,1,0.6169,retained,churned,churned
1061,0,1,0.5367,0,0.2352,retained,churned,retained
14447,0,0,0.0858,0,0.0397,retained,retained,retained
1248,0,0,0.1708,0,0.2325,retained,retained,retained
2516,0,0,0.1754,0,0.0616,retained,retained,retained
7177,0,0,0.101,0,0.0591,retained,retained,retained
3332,1,1,0.7886,1,0.8933,churned,churned,churned
3414,0,1,0.727,1,0.7918,retained,churned,churned
4147,0,0,0.1255,0,0.0765,retained,retained,retained
10914,0,0,0.3282,0,0.2915,retained,retained,retained
7621,0,0,0.2335,0,0.0995,retained,retained,retained
5335,0,0,0.1289,0,0.0243,retained,retained,retained
4124,0,0,0.3157,0,0.1886,retained,retained,retained
10958,0,1,0.6061,0,0.386,retained,churned,retained
2939,0,1,0.7438,1,0.5482,retained,churned,churned
10869,0,0,0.2817,0,0.068,retained,retained,retained
2527,0,0,0.1475,0,0.0931,retained,retained,retained
2824,0,0,0.0554,0,0.0158,retained,retained,retained
12634,0,1,0.566,0,0.4183,retained,churned,retained
5038,1,1,0.5937,1,0.8067,churned,churned,churned
4277,0,1,0.5665,1,0.6716,retained,churned,churned
5339,0,0,0.154,0,0.0515,retained,retained,retained
7831,0,0,0.0898,0,0.0211,retained,retained,retained
8477,1,1,0.7402,1,0.6939,churned,churned,churned
12981,0,0,0.1145,0,0.0729,retained,retained,retained
11090,0,0,0.4166,0,0.1818,retained,retained,retained
9883,0,1,0.7108,0,0.3855,retained,churned,retained
2749,0,1,0.7406,0,0.3528,retained,churned,retained
14580,0,0,0.4292,0,0.2281,retained,retained,retained
4412,0,0,0.1551,0,0.0139,retained,retained,retained
7266,0,1,0.5882,0,0.3335,retained,churned,retained
334,0,0,0.1754,0,0.2284,retained,retained,retained
10955,0,1,0.8603,1,0.8254,retained,churned,churned
3742,0,1,0.7663,1,0.7023,retained,churned,churned
14444,0,0,0.1342,0,0.0168,retained,retained,retained
10401,0,0,0.4293,1,0.5477,retained,retained,churned
6666,0,1,0.5549,1,0.6237,retained,churned,churned
7109,0,0,0.3222,0,0.3924,retained,retained,retained
12225,0,1,0.5921,0,0.2142,retained,churned,retained
6148,0,0,0.171,0,0.0647,retained,retained,retained
4030,0,1,0.6703,1,0.7249,retained,churned,churned
5402,0,0,0.3242,0,0.2044,retained,retained,retained
10230,0,1,0.5805,1,0.5178,retained,churned,churned
3178,0,0,0.3567,0,0.1298,retained,retained,retained
2977,0,0,0.2591,0,0.1464,retained,retained,retained
255,0,1,0.7839,1,0.8572,retained,churned,churned
14792,0,0,0.1242,0,0.0103,retained,retained,retained
13582,0,1,0.7864,1,0.6794,retained,churned,churned
11561,0,0,0.4833,0,0.1562,retained,retained,retained
11629,0,1,0.7491,0,0.4173,retained,churned,retained
13996,0,1,0.6595,0,0.4481,retained,churned,retained
13830,1,1,0.6457,1,0.5408,churned,churned,churned
14608,0,0,0.2571,0,0.1557,retained,retained,retained
7786,0,0,0.1765,0,0.1009,retained,retained,retained
1408,0,0,0.4004,0,0.3182,retained,retained,retained
5818,1,0,0.4048,1,0.5209,churned,retained,churned
14382,0,1,0.7582,1,0.5703,retained,churned,churned
1963,0,1,0.5462,0,0.295,retained,churned,retained
5674,0,0,0.1169,0,0.0359,retained,retained,retained
1116,0,1,0.5372,1,0.5536,retained,churned,churned
5477,0,0,0.2689,0,0.0323,retained,retained,retained
10267,0,1,0.7575,1,0.7157,retained,churned,churned
3865,1,0,0.4146,0,0.2929,churned,retained,retained
14446,0,1,0.7487,0,0.3388,retained,churned,retained
10010,0,0,0.1141,0,0.0279,retained,retained,retained
7573,1,1,0.5287,0,0.4816,churned,churned,retained
7938,0,0,0.4819,0,0.3098,retained,retained,retained
12591,0,1,0.6201,0,0.3166,retained,churned,retained
4276,0,0,0.1464,0,0.0898,retained,retained,retained
1067,0,0,0.3248,0,0.2744,retained,retained,retained
6192,1,1,0.5212,1,0.5245,churned,churned,churned
9608,0,0,0.4134,0,0.3214,retained,retained,retained
706,1,1,0.6542,0,0.3915,churned,churned,retained
1197,0,0,0.0641,0,0.0779,retained,retained,retained
13840,0,0,0.1897,0,0.2074,retained,retained,retained
3383,1,1,0.7714,1,0.6694,churned,churned,churned
1676,0,1,0.7459,1,0.5258,retained,churned,churned
11340,0,0,0.2622,0,0.1139,retained,retained,retained
14121,0,1,0.6925,0,0.4343,retained,churned,retained
13388,0,1,0.7427,0,0.3836,retained,churned,retained
9093,0,1,0.6129,0,0.4105,retained,churned,retained
8752,0,0,0.2532,0,0.1055,retained,retained,retained
5981,0,0,0.1215,0,0.0117,retained,retained,retained
6302,0,1,0.6282,0,0.3113,retained,churned,retained
5120,1,1,0.7607,1,0.5848,churned,churned,churned
9257,0,0,0.4908,0,0.4393,retained,retained,retained
359,0,0,0.2651,0,0.1112,retained,retained,retained
3477,0,0,0.1618,0,0.1799,retained,retained,retained
7274,0,1,0.568,1,0.6462,retained,churned,churned
3513,0,1,0.7022,0,0.4408,retained,churned,retained
13806,0,0,0.3657,0,0.2579,retained,retained,retained
6904,0,0,0.1875,0,0.1373,retained,retained,retained
9404,0,0,0.3465,0,0.1126,retained,retained,retained
3494,0,0,0.3614,1,0.6674,retained,retained,churned
1803,0,0,0.0578,0,0.0163,retained,retained,retained
9223,0,0,0.2603,0,0.1038,retained,retained,retained
4754,0,0,0.454,0,0.3744,retained,retained,retained
12098,0,0,0.4071,1,0.6979,retained,retained,churned
210,1,0,0.4687,0,0.2112,churned,retained,retained
4109,1,1,0.7949,1,0.5776,churned,churned,churned
5800,0,1,0.5856,0,0.2802,retained,churned,retained
9097,0,0,0.11,0,0.0791,retained,retained,retained
3554,1,0,0.4448,0,0.0877,churned,retained,retained
11544,0,0,0.2542,0,0.2481,retained,retained,retained
13929,0,0,0.3297,0,0.1097,retained,retained,retained
5363,0,0,0.3519,0,0.1209,retained,retained,retained
13940,0,1,0.6557,0,0.4115,retained,churned,retained
13241,0,1,0.5685,1,0.8074,retained,churned,churned
11589,0,0,0.4934,0,0.3704,retained,retained,retained
4881,0,1,0.6395,0,0.1973,retained,churned,retained
14433,0,0,0.3909,0,0.3394,retained,retained,retained
12898,0,1,0.6889,1,0.5397,retained,churned,churned
1276,0,0,0.2078,0,0.1093,retained,retained,retained
625,0,0,0.255,0,0.3655,retained,retained,retained
12730,0,0,0.0806,0,0.0209,retained,retained,retained
2084,0,1,0.6188,0,0.3623,retained,churned,retained
2109,0,0,0.2995,0,0.1654,retained,retained,retained
7335,0,0,0.2488,0,0.0703,retained,retained,retained
2340,0,0,0.1802,0,0.136,retained,retained,retained
11007,1,1,0.5586,0,0.4589,churned,churned,retained
13663,1,1,0.6114,1,0.5654,churned,churned,churned
11624,0,0,0.1546,0,0.0369,retained,retained,retained
12600,0,1,0.5477,1,0.5175,retained,churned,churned
10370,0,1,0.7051,0,0.4003,retained,churned,retained
8487,0,0,0.1651,0,0.0426,retained,retained,retained
8784,0,0,0.4919,0,0.1592,retained,retained,retained
4813,0,0,0.4048,0,0.2982,retained,retained,retained
5268,0,0,0.2435,0,0.1203,retained,retained,retained
719,0,0,0.3109,0,0.2472,retained,retained,retained
7361,0,1,0.7425,0,0.4549,retained,churned,retained
4354,1,0,0.2551,0,0.1899,churned,retained,retained
643,0,1,0.705,1,0.7496,retained,churned,churned
11809,0,1,0.5438,0,0.2784,retained,churned,retained
14194,0,1,0.6992,1,0.6098,retained,churned,churned
3625,1,1,0.5841,0,0.3005,churned,churned,retained
13629,0,0,0.3596,0,0.2593,retained,retained,retained
10998,0,0,0.1979,0,0.1458,retained,retained,retained
1707,0,0,0.4512,0,0.1442,retained,retained,retained
345,0,1,0.8271,1,0.7938,retained,churned,churned
10786,0,0,0.1422,0,0.2323,retained,retained,retained
2747,0,1,0.7903,1,0.8989,retained,churned,churned
3200,0,0,0.4767,0,0.0949,retained,retained,retained
7503,0,0,0.4115,0,0.101,retained,retained,retained
10673,1,1,0.796,1,0.5931,churned,churned,churned
5558,0,0,0.2735,0,0.2732,retained,retained,retained
5956,0,1,0.5484,0,0.3713,retained,churned,retained
4850,0,1,0.553,0,0.2476,retained,churned,retained
9814,1,0,0.2933,0,0.0381,churned,retained,retained
12140,0,0,0.2861,0,0.1667,retained,retained,retained
12032,0,0,0.2471,0,0.2617,retained,retained,retained
738,0,1,0.8083,0,0.445,retained,churned,retained
6559,0,1,0.5858,0,0.2699,retained,churned,retained
3868,0,0,0.3155,0,0.2517,retained,retained,retained
2363,0,0,0.1616,0,0.1345,retained,retained,retained
14550,0,1,0.74,1,0.6932,retained,churned,churned
14008,0,1,0.7556,1,0.6122,retained,churned,churned
7701,0,0,0.3747,0,0.2954,retained,retained,retained
6561,0,0,0.2445,0,0.1626,retained,retained,retained
7099,0,0,0.2484,0,0.0332,retained,retained,retained
11471,0,0,0.1663,0,0.114,retained,retained,retained
4798,0,1,0.7205,1,0.703,retained,churned,churned
9179,0,0,0.2074,0,0.1294,retained,retained,retained
298,0,0,0.4547,0,0.3132,retained,retained,retained
6360,0,0,0.4597,0,0.3958,retained,retained,retained
5078,0,1,0.5708,0,0.3702,retained,churned,retained
11886,0,0,0.1254,0,0.0198,retained,retained,retained
8601,0,0,0.4131,0,0.4735,retained,retained,retained
2551,0,0,0.1654,0,0.096,retained,retained,retained
10251,0,0,0.284,0,0.1308,retained,retained,retained
3501,0,0,0.4348,0,0.1214,retained,retained,retained
542,1,1,0.5198,1,0.5755,churned,churned,churned
11878,0,1,0.7051,1,0.6821,retained,churned,churned
10170,0,1,0.5599,0,0.4012,retained,churned,retained
8817,0,1,0.5241,0,0.2752,retained,churned,retained
14742,0,0,0.4826,0,0.3631,retained,retained,retained
13189,1,1,0.528,0,0.2569,churned,churned,retained
2165,0,0,0.4208,0,0.2038,retained,retained,retained
3133,0,1,0.5455,1,0.5176,retained,churned,churned
12156,0,1,0.7455,1,0.6689,retained,churned,churned
5609,0,0,0.2018,0,0.0459,retained,retained,retained
12909,0,0,0.1439,0,0.036,retained,retained,retained
10368,0,1,0.6265,0,0.231,retained,churned,retained
5422,0,0,0.1238,0,0.0895,retained,retained,retained
9741,0,0,0.277,0,0.1224,retained,retained,retained
14501,0,1,0.6736,1,0.6076,retained,churned,churned
934,1,1,0.572,0,0.069,churned,churned,retained
941,0,1,0.7683,1,0.8707,retained,churned,churned
14025,0,0,0.1831,0,0.1131,retained,retained,retained
12005,0,0,0.2754,0,0.0259,retained,retained,retained
189,0,1,0.615,0,0.1139,retained,churned,retained
12012,0,0,0.4419,0,0.2089,retained,retained,retained
5665,0,0,0.4378,0,0.2556,retained,retained,retained
4400,0,0,0.2449,0,0.2136,retained,retained,retained
3844,0,0,0.3357,0,0.0373,retained,retained,retained
13563,0,0,0.2032,0,0.0868,retained,retained,retained
9617,1,1,0.8585,1,0.6662,churned,churned,churned
8230,0,1,0.7354,0,0.4872,retained,churned,retained
9189,0,1,0.6077,0,0.3891,retained,churned,retained
8739,1,0,0.4779,0,0.3091,churned,retained,retained
11692,0,0,0.2611,0,0.0728,retained,retained,retained
14656,1,1,0.7767,1,0.7259,churned,churned,churned
5984,0,0,0.0775,0,0.0122,retained,retained,retained
4787,0,0,0.3205,0,0.1685,retained,retained,retained
9019,0,0,0.4279,0,0.2274,retained,retained,retained
8388,0,1,0.7266,1,0.6396,retained,churned,churned
5348,0,0,0.2166,0,0.2315,retained,retained,retained
1035,0,1,0.694,1,0.6786,retained,churned,churned
3901,0,0,0.0808,0,0.0156,retained,retained,retained
8667,0,0,0.1227,0,0.0342,retained,retained,retained
483,0,0,0.2535,0,0.1258,retained,retained,retained
8753,0,1,0.6585,0,0.3116,retained,churned,retained
3883,0,0,0.3101,0,0.2496,retained,retained,retained
8447,0,0,0.4412,0,0.4793,retained,retained,retained
8827,1,1,0.6039,0,0.1932,churned,churned,retained
6949,0,0,0.3509,0,0.2339,retained,retained,retained
14976,0,0,0.4287,0,0.2296,retained,retained,retained
9922,0,1,0.7112,1,0.7125,retained,churned,churned
14868,0,1,0.6626,1,0.5435,retained,churned,churned
8279,0,1,0.5151,0,0.3582,retained,churned,retained
5299,0,1,0.5304,0,0.2952,retained,churned,retained
4878,0,0,0.1385,0,0.0637,retained,retained,retained
12318,0,0,0.33,0,0.4086,retained,retained,retained
9575,0,1,0.6488,0,0.203,retained,churned,retained
886,0,0,0.3369,0,0.4465,retained,retained,retained
9273,0,0,0.1462,0,0.0813,retained,retained,retained
9820,0,1,0.7708,1,0.8366,retained,churned,churned
1303,0,1,0.5203,0,0.3199,retained,churned,retained
6885,0,0,0.1699,0,0.2634,retained,retained,retained
9914,0,0,0.4327,0,0.1743,retained,retained,retained
6477,0,0,0.1397,0,0.0332,retained,retained,retained
7159,1,1,0.7394,1,0.8413,churned,churned,churned
1561,0,0,0.2309,0,0.2091,retained,retained,retained
2482,0,0,0.3981,0,0.2237,retained,retained,retained
8982,0,1,0.8257,1,0.6024,retained,churned,churned
11620,0,0,0.4633,0,0.3054,retained,retained,retained
399,0,0,0.2883,0,0.0911,retained,retained,retained
3087,1,1,0.8507,1,0.8068,churned,churned,churned
8295,0,0,0.2673,0,0.1282,retained,retained,retained
12570,0,0,0.1907,0,0.0731,retained,retained,retained
14099,0,0,0.2044,0,0.0874,retained,retained,retained
2464,0,1,0.5092,0,0.3565,retained,churned,retained
4604,0,0,0.2681,0,0.3067,retained,retained,retained
2629,0,1,0.7454,1,0.6495,retained,churned,churned
5741,1,1,0.7481,1,0.7003,churned,churned,churned
4406,1,1,0.6088,1,0.5411,churned,churned,churned
4081,0,0,0.183,0,0.1652,retained,retained,retained
8475,0,0,0.4173,0,0.4124,retained,retained,retained
10842,0,1,0.6878,1,0.8218,retained,churned,churned
3441,1,0,0.4202,0,0.2746,churned,retained,retained
11659,0,1,0.7147,1,0.7241,retained,churned,churned
7885,0,1,0.6916,1,0.6212,retained,churned,churned
12605,0,0,0.4876,0,0.0925,retained,retained,retained
12932,1,1,0.8419,1,0.8279,churned,churned,churned
9425,0,1,0.5287,1,0.5249,retained,churned,churned
8924,0,1,0.7195,0,0.3638,retained,churned,retained
1149,0,1,0.5769,0,0.3626,retained,churned,retained
12785,0,0,0.3225,0,0.2747,retained,retained,retained
11327,0,0,0.2899,0,0.1098,retained,retained,retained
13072,1,1,0.5537,1,0.8091,churned,churned,churned
10470,0,1,0.7581,1,0.5241,retained,churned,churned
7919,0,0,0.4391,0,0.0986,retained,retained,retained
12825,1,1,0.8907,1,0.9085,churned,churned,churned
3456,0,0,0.2248,0,0.4163,retained,retained,retained
4080,0,0,0.1948,0,0.1649,retained,retained,retained
9214,1,0,0.4767,0,0.3346,churned,retained,retained
989,0,0,0.4101,0,0.2951,retained,retained,retained
14962,0,0,0.191,0,0.1903,retained,retained,retained
7324,0,0,0.1439,0,0.0297,retained,retained,retained
13439,0,1,0.6531,0,0.3615,retained,churned,retained
10930,0,0,0.229,0,0.1859,retained,retained,retained
6169,0,1,0.6531,1,0.6726,retained,churned,churned
12914,0,0,0.0949,0,0.0439,retained,retained,retained
10308,0,0,0.4891,1,0.7762,retained,retained,churned
13622,0,0,0.216,0,0.0562,retained,retained,retained
7579,1,1,0.7251,1,0.7826,churned,churned,churned
14126,0,0,0.3967,0,0.31,retained,retained,retained
2650,0,1,0.5663,0,0.2234,retained,churned,retained
2177,0,0,0.3372,0,0.2937,retained,retained,retained
3876,1,1,0.6267,0,0.4158,churned,churned,retained
14409,0,0,0.2889,0,0.0728,retained,retained,retained
1812,0,0,0.1693,0,0.0234,retained,retained,retained
11396,1,0,0.3188,0,0.1298,churned,retained,retained
5412,0,0,0.498,0,0.1613,retained,retained,retained
10732,0,0,0.314,0,0.3818,retained,retained,retained
6020,0,0,0.4564,0,0.4759,retained,retained,retained
14002,0,0,0.3904,0,0.146,retained,retained,retained
8101,0,0,0.4711,0,0.2564,retained,retained,retained
12387,0,1,0.664,1,0.5958,retained,churned,churned
5676,0,0,0.3522,0,0.2353,retained,retained,retained
3990,0,0,0.2592,0,0.2317,retained,retained,retained
4921,0,0,0.3563,0,0.3131,retained,retained,retained
5576,0,1,0.6299,0,0.4883,retained,churned,retained
1998,0,0,0.2872,0,0.2044,retained,retained,retained
3245,1,1,0.6224,1,0.6844,churned,churned,churned
1773,0,0,0.1687,0,0.056,retained,retained,retained
5750,0,0,0.229,0,0.1645,retained,retained,retained
14841,0,0,0.3963,0,0.2029,retained,retained,retained
12359,0,0,0.3811,0,0.1747,retained,retained,retained
8993,1,1,0.8583,1,0.9289,churned,churned,churned
14842,0,0,0.3649,0,0.3809,retained,retained,retained
14376,1,1,0.8077,1,0.5653,churned,churned,churned
93,0,0,0.4437,0,0.3204,retained,retained,retained
1152,0,1,0.66,1,0.8393,retained,churned,churned
10820,1,1,0.8504,1,0.8801,churned,churned,churned
13172,0,0,0.3773,0,0.2447,retained,retained,retained
11869,1,0,0.3608,0,0.0581,churned,retained,retained
9906,0,0,0.4534,0,0.1778,retained,retained,retained
7074,0,1,0.8618,1,0.8488,retained,churned,churned
8602,0,1,0.8801,1,0.5698,retained,churned,churned
10992,0,1,0.504,0,0.2831,retained,churned,retained
7509,0,0,0.2796,0,0.1577,retained,retained,retained
12348,0,1,0.6747,1,0.7171,retained,churned,churned
836,1,0,0.4875,0,0.3639,churned,retained,retained
14888,1,1,0.5392,0,0.2408,churned,churned,retained
10847,0,0,0.3704,0,0.0969,retained,retained,retained
6568,0,0,0.4233,0,0.1152,retained,retained,retained
9770,0,1,0.5267,0,0.3472,retained,churned,retained
14762,0,0,0.1374,0,0.067,retained,retained,retained
6520,0,0,0.4312,0,0.1835,retained,retained,retained
13309,0,0,0.3642,0,0.2182,retained,retained,retained
6692,0,0,0.1349,0,0.1388,retained,retained,retained
14192,0,0,0.2445,0,0.1665,retained,retained,retained
2608,0,0,0.4113,0,0.2166,retained,retained,retained
9070,0,1,0.5589,0,0.3544,retained,churned,retained
859,0,1,0.6967,1,0.5491,retained,churned,churned
9305,0,0,0.2385,0,0.2879,retained,retained,retained
13665,0,0,0.1352,0,0.1458,retained,retained,retained
12143,0,0,0.4428,0,0.1472,retained,retained,retained
6889,1,1,0.6781,1,0.5258,churned,churned,churned
4317,0,0,0.2958,0,0.3029,retained,retained,retained
5788,0,0,0.2708,0,0.1266,retained,retained,retained
11192,0,1,0.7625,1,0.6646,retained,churned,churned
3562,0,0,0.1931,0,0.1758,retained,retained,retained
3961,0,0,0.3048,0,0.0631,retained,retained,retained
12280,0,1,0.7814,1,0.605,retained,churned,churned
14529,0,0,0.4123,0,0.3934,retained,retained,retained
12726,0,0,0.3473,0,0.3621,retained,retained,retained
5891,0,1,0.6197,0,0.3921,retained,churned,retained
13070,0,1,0.7053,1,0.6371,retained,churned,churned
2033,1,1,0.6995,0,0.3234,churned,churned,retained
13535,0,1,0.616,1,0.5617,retained,churned,churned
1364,0,1,0.5197,0,0.3909,retained,churned,retained
10982,0,0,0.1595,0,0.0642,retained,retained,retained
5580,1,0,0.3955,0,0.2531,churned,retained,retained
4224,0,0,0.259,0,0.2116,retained,retained,retained
9017,0,1,0.7049,1,0.6111,retained,churned,churned
9790,0,0,0.2776,0,0.0443,retained,retained,retained
6530,0,1,0.5286,1,0.5381,retained,churned,churned
11053,0,0,0.1824,0,0.0255,retained,retained,retained
9339,0,1,0.8763,1,0.7829,retained,churned,churned
2259,0,1,0.5285,0,0.3946,retained,churned,retained
8083,0,0,0.4614,0,0.1211,retained,retained,retained
8209,0,1,0.8464,1,0.5067,retained,churned,churned
13078,0,1,0.79,1,0.8426,retained,churned,churned
11680,0,1,0.7322,1,0.8337,retained,churned,churned
1264,0,0,0.4033,0,0.106,retained,retained,retained
2261,0,0,0.1562,0,0.0498,retained,retained,retained
14340,0,1,0.5573,0,0.1857,retained,churned,retained
12540,1,1,0.5556,1,0.5035,churned,churned,churned
4704,0,0,0.3634,0,0.1181,retained,retained,retained
12742,0,1,0.5942,1,0.5755,retained,churned,churned
764,0,0,0.3059,0,0.1033,retained,retained,retained
13392,0,1,0.5095,0,0.1816,retained,churned,retained
11190,0,0,0.2592,0,0.1031,retained,retained,retained
14108,0,1,0.8031,1,0.5761,retained,churned,churned
7395,0,0,0.3702,0,0.2911,retained,retained,retained
1711,0,1,0.7029,1,0.7031,retained,churned,churned
2381,0,1,0.7389,1,0.7737,retained,churned,churned
8935,0,0,0.3427,0,0.3201,retained,retained,retained
14546,0,0,0.1582,0,0.0272,retained,retained,retained
10185,0,0,0.2087,0,0.4857,retained,retained,retained
12407,0,1,0.6618,0,0.4391,retained,churned,retained
6155,0,0,0.2535,0,0.1051,retained,retained,retained
9136,0,1,0.5609,0,0.2951,retained,churned,retained
4378,0,0,0.1417,0,0.0226,retained,retained,retained
499,0,0,0.2822,0,0.173,retained,retained,retained
6950,0,0,0.1514,0,0.1226,retained,retained,retained
8968,0,0,0.2597,0,0.337,retained,retained,retained
13409,0,0,0.3328,0,0.1207,retained,retained,retained
674,0,0,0.2464,0,0.0453,retained,retained,retained
10749,0,0,0.4993,0,0.1914,retained,retained,retained
4902,0,0,0.1052,0,0.0135,retained,retained,retained
12037,0,1,0.5561,0,0.2365,retained,churned,retained
14876,0,0,0.2727,0,0.1119,retained,retained,retained
795,0,1,0.6406,1,0.526,retained,churned,churned
11690,0,0,0.4459,0,0.2504,retained,retained,retained
7662,1,1,0.6162,1,0.6433,churned,churned,churned
9335,0,0,0.2227,0,0.0432,retained,retained,retained
14832,0,0,0.3366,0,0.2181,retained,retained,retained
4544,0,1,0.844,1,0.7926,retained,churned,churned
2194,0,0,0.2699,0,0.2198,retained,retained,retained
2743,0,1,0.5669,0,0.2548,retained,churned,retained
2606,1,1,0.8453,0,0.435,churned,churned,retained
903,0,1,0.7075,1,0.6941,retained,churned,churned
700,0,0,0.2611,0,0.1374,retained,retained,retained
3147,1,0,0.2969,0,0.1045,churned,retained,retained
10024,0,0,0.2191,0,0.0944,retained,retained,retained
14127,0,1,0.7689,1,0.5625,retained,churned,churned
1378,0,0,0.0812,0,0.0093,retained,retained,retained
5974,1,1,0.859,1,0.7307,churned,churned,churned
7707,0,0,0.3024,0,0.1451,retained,retained,retained
2146,0,0,0.4376,0,0.3479,retained,retained,retained
4409,0,0,0.2178,0,0.2709,retained,retained,retained
3402,1,1,0.5839,0,0.3363,churned,churned,retained
337,0,0,0.2972,0,0.433,retained,retained,retained
3092,0,1,0.5153,0,0.3062,retained,churned,retained
3340,0,0,0.1558,0,0.217,retained,retained,retained
2770,1,0,0.4797,0,0.1644,churned,retained,retained
8599,0,0,0.2795,0,0.1686,retained,retained,retained
14818,0,0,0.1574,0,0.034,retained,retained,retained
13517,0,0,0.3774,0,0.1737,retained,retained,retained
4454,0,0,0.1241,0,0.0562,retained,retained,retained
8930,0,1,0.8699,1,0.8924,retained,churned,churned
13677,0,0,0.3805,0,0.4338,retained,retained,retained
2228,0,0,0.3284,0,0.1417,retained,retained,retained
14820,1,0,0.3319,0,0.1814,churned,retained,retained
67,1,1,0.7947,0,0.4764,churned,churned,retained
5923,0,0,0.2792,0,0.2018,retained,retained,retained
14271,0,0,0.3963,0,0.1858,retained,retained,retained
8974,0,0,0.2685,0,0.0899,retained,retained,retained
3083,1,1,0.7894,1,0.5997,churned,churned,churned
1182,0,1,0.5192,0,0.3741,retained,churned,retained
4831,0,1,0.5975,0,0.2159,retained,churned,retained
13428,1,0,0.4548,0,0.3101,churned,retained,retained
14901,0,0,0.1793,0,0.2544,retained,retained,retained
6209,0,0,0.1618,0,0.0285,retained,retained,retained
12491,0,0,0.2789,0,0.2471,retained,retained,retained
1362,0,1,0.7786,1,0.584,retained,churned,churned
5383,0,0,0.454,0,0.2543,retained,retained,retained
44,0,0,0.1754,0,0.0861,retained,retained,retained
12883,0,1,0.868,1,0.9437,retained,churned,churned
8489,0,0,0.4389,0,0.161,retained,retained,retained
2052,0,1,0.7327,1,0.5538,retained,churned,churned
14046,0,1,0.75,0,0.4407,retained,churned,retained
5561,0,1,0.5587,0,0.3954,retained,churned,retained
2479,0,1,0.6269,0,0.4093,retained,churned,retained
5660,0,0,0.396,0,0.4918,retained,retained,retained
10341,0,1,0.7746,1,0.7472,retained,churned,churned
8301,0,1,0.8743,0,0.43,retained,churned,retained
8864,0,1,0.6507,0,0.1725,retained,churned,retained
2116,0,0,0.1342,0,0.0607,retained,retained,retained
7062,0,1,0.5992,0,0.3611,retained,churned,retained
9039,0,0,0.4926,0,0.2442,retained,retained,retained
1476,0,0,0.1114,0,0.0667,retained,retained,retained
6325,0,1,0.5524,0,0.3061,retained,churned,retained
10967,0,0,0.3047,0,0.1471,retained,retained,retained
13518,0,0,0.443,0,0.2992,retained,retained,retained
4932,0,0,0.3985,0,0.1881,retained,retained,retained
4370,0,1,0.7234,0,0.4673,retained,churned,retained
7598,0,1,0.6511,1,0.5673,retained,churned,churned
11600,0,0,0.4025,0,0.4842,retained,retained,retained
7176,0,0,0.3701,0,0.1551,retained,retained,retained
4307,1,1,0.6137,0,0.2631,churned,churned,retained
2602,1,1,0.8152,0,0.495,churned,churned,retained
1261,0,0,0.2665,0,0.4382,retained,retained,retained
13814,1,0,0.1026,0,0.0178,churned,retained,retained
3500,0,0,0.2159,0,0.1372,retained,retained,retained
6710,0,1,0.6861,1,0.6242,retained,churned,churned
14687,0,0,0.2873,0,0.3361,retained,retained,retained
4641,0,1,0.5918,1,0.5953,retained,churned,churned
13342,0,0,0.0945,0,0.051,retained,retained,retained
11477,0,0,0.3481,0,0.2409,retained,retained,retained
6323,0,0,0.3517,0,0.0587,retained,retained,retained
5022,0,0,0.4308,0,0.2937,retained,retained,retained
9205,0,0,0.2891,0,0.1947,retained,retained,retained
5531,0,0,0.4348,0,0.1742,retained,retained,retained
11185,1,0,0.2431,0,0.0401,churned,retained,retained
4645,1,1,0.6334,0,0.3134,churned,churned,retained
14365,0,1,0.6393,0,0.372,retained,churned,retained
3043,0,0,0.3311,0,0.106,retained,retained,retained
12870,0,0,0.2779,0,0.0787,retained,retained,retained
236,0,0,0.238,0,0.2375,retained,retained,retained
8370,0,1,0.6103,0,0.4332,retained,churned,retained
7496,0,1,0.6853,0,0.4125,retained,churned,retained
8627,0,0,0.1285,0,0.0659,retained,retained,retained
14754,0,0,0.3529,0,0.2467,retained,retained,retained
6234,1,0,0.436,0,0.3935,churned,retained,retained
14458,0,1,0.693,0,0.4887,retained,churned,retained
9645,1,1,0.7332,1,0.5961,churned,churned,churned
6998,0,0,0.2106,0,0.0407,retained,retained,retained
8915,0,1,0.6577,1,0.5592,retained,churned,churned
182,1,1,0.7091,0,0.449,churned,churned,retained
6444,0,0,0.1561,0,0.0571,retained,retained,retained
8565,0,1,0.7483,1,0.5965,retained,churned,churned
7548,0,0,0.1444,0,0.1004,retained,retained,retained
9033,0,1,0.6754,0,0.3675,retained,churned,retained
5330,0,0,0.4411,0,0.0578,retained,retained,retained
13502,1,1,0.8421,1,0.6167,churned,churned,churned
5642,0,0,0.483,0,0.2671,retained,retained,retained
9122,0,0,0.0911,0,0.0327,retained,retained,retained
10035,0,0,0.1221,0,0.0283,retained,retained,retained
5337,0,0,0.1357,0,0.0136,retained,retained,retained
9535,0,0,0.2486,0,0.074,retained,retained,retained
4980,0,1,0.6642,1,0.5308,retained,churned,churned
6164,0,0,0.3984,0,0.124,retained,retained,retained
13967,1,1,0.6752,1,0.509,churned,churned,churned
9053,0,0,0.2725,0,0.0369,retained,retained,retained
785,0,0,0.1517,0,0.0927,retained,retained,retained
834,0,1,0.5414,0,0.4826,retained,churned,retained
12604,0,0,0.3389,0,0.2142,retained,retained,retained
1784,0,0,0.455,0,0.199,retained,retained,retained
12587,0,0,0.2608,0,0.2321,retained,retained,retained
13690,0,0,0.2611,0,0.2798,retained,retained,retained
5863,1,1,0.5037,0,0.3283,churned,churned,retained
13651,0,0,0.1836,0,0.2639,retained,retained,retained
4129,0,0,0.3726,0,0.1433,retained,retained,retained
7096,1,1,0.87,1,0.8226,churned,churned,churned
8649,0,0,0.2928,0,0.1407,retained,retained,retained
2344,0,0,0.4416,0,0.275,retained,retained,retained
9021,0,0,0.1647,0,0.0152,retained,retained,retained
13485,0,0,0.4138,0,0.315,retained,retained,retained
8472,0,0,0.1458,0,0.2741,retained,retained,retained
9561,1,0,0.4215,0,0.3174,churned,retained,retained
4319,0,0,0.3784,0,0.2139,retained,retained,retained
2188,0,0,0.4456,0,0.2938,retained,retained,retained
11036,0,1,0.7204,1,0.816,retained,churned,churned
740,0,1,0.6506,1,0.6286,retained,churned,churned
6650,0,0,0.283,0,0.3379,retained,retained,retained
5161,0,0,0.1237,0,0.0152,retained,retained,retained
6080,0,0,0.4576,0,0.2724,retained,retained,retained
9995,1,1,0.8089,1,0.8134,churned,churned,churned
13812,0,0,0.1909,0,0.2056,retained,retained,retained
4482,0,0,0.2042,0,0.0946,retained,retained,retained
13964,0,0,0.2909,0,0.2692,retained,retained,retained
5142,0,0,0.1045,0,0.0093,retained,retained,retained
10474,0,0,0.396,0,0.1824,retained,retained,retained
6454,0,0,0.2185,0,0.1195,retained,retained,retained
9439,0,0,0.2299,0,0.1083,retained,retained,retained
9406,0,1,0.7919,1,0.8035,retained,churned,churned
6489,0,0,0.3869,0,0.4767,retained,retained,retained
3067,0,1,0.5697,0,0.2969,retained,churned,retained
5684,0,1,0.7349,1,0.7119,retained,churned,churned
11597,0,0,0.1426,0,0.1279,retained,retained,retained
13056,0,1,0.5904,0,0.2115,retained,churned,retained
1186,0,0,0.2115,0,0.2951,retained,retained,retained
9037,0,0,0.3861,0,0.2216,retained,retained,retained
14810,0,0,0.4052,0,0.3231,retained,retained,retained
12952,0,0,0.3097,0,0.1591,retained,retained,retained
11872,0,1,0.5854,1,0.5752,retained,churned,churned
10951,0,0,0.0918,0,0.0105,retained,retained,retained
474,0,0,0.097,0,0.0541,retained,retained,retained
3266,0,0,0.2586,0,0.1352,retained,retained,retained
8358,1,1,0.827,1,0.7405,churned,churned,churned
12157,0,0,0.3089,0,0.1546,retained,retained,retained
4794,0,1,0.8125,1,0.7136,retained,churned,churned
12361,1,0,0.4334,0,0.4817,churned,retained,retained
588,0,0,0.3171,0,0.053,retained,retained,retained
13883,0,0,0.292,0,0.1084,retained,retained,retained
2246,0,0,0.3236,0,0.3913,retained,retained,retained
8664,1,1,0.757,0,0.4274,churned,churned,retained
5375,0,0,0.384,0,0.2652,retained,retained,retained
198,0,0,0.3625,0,0.187,retained,retained,retained
3496,1,0,0.3679,0,0.2826,churned,retained,retained
12260,0,1,0.7903,1,0.6099,retained,churned,churned
10113,0,1,0.6464,1,0.6758,retained,churned,churned
10,0,1,0.5542,0,0.2367,retained,churned,retained
11014,0,1,0.5961,0,0.3433,retained,churned,retained
11686,0,0,0.2427,0,0.1314,retained,retained,retained
3726,0,1,0.5778,0,0.1927,retained,churned,retained
4536,0,0,0.2629,0,0.0851,retained,retained,retained
10158,0,0,0.4878,0,0.3151,retained,retained,retained
11412,0,0,0.4544,1,0.5541,retained,retained,churned
9341,1,0,0.4074,0,0.1961,churned,retained,retained
5727,0,0,0.127,0,0.0151,retained,retained,retained
4598,0,1,0.6995,0,0.4059,retained,churned,retained
4612,1,0,0.2959,0,0.088,churned,retained,retained
8071,0,0,0.2824,0,0.4227,retained,retained,retained
12321,0,0,0.1658,0,0.1173,retained,retained,retained
2380,0,0,0.1165,0,0.046,retained,retained,retained
6215,0,0,0.1894,0,0.0309,retained,retained,retained
3738,0,0,0.1138,0,0.0349,retained,retained,retained
14627,0,0,0.2264,0,0.2175,retained,retained,retained
10447,0,1,0.7372,1,0.5792,retained,churned,churned
8343,0,0,0.0785,0,0.01,retained,retained,retained
3678,0,1,0.6987,0,0.272,retained,churned,retained
8003,0,1,0.8197,1,0.8441,retained,churned,churned
6493,0,0,0.3674,0,0.3041,retained,retained,retained
10236,0,0,0.3795,0,0.4909,retained,retained,retained
5796,1,1,0.8111,1,0.7873,churned,churned,churned
10464,0,1,0.7027,1,0.7723,retained,churned,churned
9870,1,1,0.5398,0,0.467,churned,churned,retained
65,0,0,0.2527,0,0.0613,retained,retained,retained
6141,0,1,0.6196,0,0.3232,retained,churned,retained
6281,0,0,0.4057,0,0.2483,retained,retained,retained
11464,0,0,0.2071,0,0.057,retained,retained,retained
9400,0,0,0.1848,0,0.0847,retained,retained,retained
10270,0,1,0.6668,0,0.4238,retained,churned,retained
14250,1,1,0.8282,1,0.5882,churned,churned,churned
13320,0,0,0.1966,0,0.111,retained,retained,retained
7051,0,1,0.6495,0,0.2687,retained,churned,retained
3047,0,1,0.8364,1,0.8175,retained,churned,churned
14299,0,0,0.4062,0,0.2568,retained,retained,retained
10472,0,1,0.6033,0,0.3868,retained,churned,retained
14412,1,0,0.2573,0,0.0874,churned,retained,retained
8254,0,0,0.2117,0,0.0617,retained,retained,retained
13530,0,1,0.7296,0,0.4884,retained,churned,retained
13368,0,0,0.474,0,0.3456,retained,retained,retained
440,0,0,0.497,0,0.3341,retained,retained,retained
8148,0,1,0.5201,1,0.6171,retained,churned,churned
11467,0,0,0.2265,0,0.1644,retained,retained,retained
5913,0,0,0.447,0,0.1899,retained,retained,retained
12014,0,1,0.7375,0,0.2954,retained,churned,retained
2561,0,1,0.7259,1,0.5273,retained,churned,churned
3023,0,0,0.4476,0,0.1264,retained,retained,retained
12786,0,0,0.2874,0,0.1757,retained,retained,retained
14057,0,0,0.2444,0,0.1461,retained,retained,retained
3895,0,1,0.7274,1,0.7236,retained,churned,churned
8614,0,1,0.6238,1,0.6922,retained,churned,churned
8409,0,1,0.7089,1,0.522,retained,churned,churned
1091,0,0,0.1762,0,0.0364,retained,retained,retained
3914,0,1,0.5914,0,0.4235,retained,churned,retained
9852,0,0,0.3454,0,0.3416,retained,retained,retained
10126,0,1,0.5208,0,0.476,retained,churned,retained
9989,0,0,0.3567,0,0.2015,retained,retained,retained
13035,1,1,0.5311,0,0.4922,churned,churned,retained
5371,1,0,0.2836,0,0.0461,churned,retained,retained
3371,0,0,0.3818,0,0.2145,retained,retained,retained
2828,0,0,0.1509,0,0.1549,retained,retained,retained
2431,0,0,0.4001,0,0.3787,retained,retained,retained
8438,0,0,0.2945,0,0.1794,retained,retained,retained
12511,0,0,0.2553,0,0.1668,retained,retained,retained
14097,1,1,0.7107,0,0.2185,churned,churned,retained
1660,0,0,0.1286,0,0.0622,retained,retained,retained
13436,0,0,0.1443,0,0.0279,retained,retained,retained
800,1,1,0.7396,1,0.7985,churned,churned,churned
1226,0,1,0.7492,1,0.8049,retained,churned,churned
9287,1,1,0.6618,1,0.6873,churned,churned,churned
5391,0,0,0.3739,0,0.0717,retained,retained,retained
8485,0,0,0.4687,0,0.3547,retained,retained,retained
6746,0,0,0.1186,0,0.0499,retained,retained,retained
7302,0,0,0.3128,0,0.4118,retained,retained,retained
10048,0,0,0.1504,0,0.102,retained,retained,retained
4433,0,0,0.363,0,0.1536,retained,retained,retained
12933,0,0,0.0942,0,0.0711,retained,retained,retained
3579,0,1,0.7246,1,0.7219,retained,churned,churned
5621,0,1,0.7325,1,0.7894,retained,churned,churned
8763,0,0,0.1627,0,0.0351,retained,retained,retained
13832,1,1,0.7614,1,0.7201,churned,churned,churned
3262,1,1,0.9087,1,0.9128,churned,churned,churned
11148,0,0,0.3497,0,0.1506,retained,retained,retained
5597,1,1,0.8923,1,0.902,churned,churned,churned
12400,0,0,0.2238,0,0.0643,retained,retained,retained
5508,1,1,0.5473,0,0.4647,churned,churned,retained
11660,1,1,0.7834,1,0.637,churned,churned,churned
6248,0,0,0.3951,0,0.2523,retained,retained,retained
181,0,0,0.3938,0,0.3726,retained,retained,retained
4563,0,1,0.755,1,0.665,retained,churned,churned
6935,1,1,0.8043,1,0.8634,churned,churned,churned
14045,0,0,0.2445,0,0.084,retained,retained,retained
7982,0,0,0.4876,0,0.2594,retained,retained,retained
7941,0,0,0.3007,0,0.087,retained,retained,retained
1180,0,0,0.165,0,0.0814,retained,retained,retained
6698,0,0,0.0903,0,0.0812,retained,retained,retained
14907,0,0,0.1676,0,0.2882,retained,retained,retained
5434,0,0,0.1491,0,0.0085,retained,retained,retained
6876,1,1,0.5387,1,0.6118,churned,churned,churned
4995,0,1,0.779,1,0.843,retained,churned,churned
2712,0,0,0.356,0,0.2626,retained,retained,retained
5466,1,0,0.3661,0,0.1094,churned,retained,retained
4917,0,0,0.3946,0,0.4215,retained,retained,retained
14661,0,1,0.5644,0,0.393,retained,churned,retained
12418,0,0,0.1866,0,0.0277,retained,retained,retained
11118,0,0,0.4611,0,0.1314,retained,retained,retained
7965,0,0,0.2078,0,0.3558,retained,retained,retained
3105,1,1,0.6928,1,0.5333,churned,churned,churned
3773,0,1,0.7754,0,0.478,retained,churned,retained
419,1,1,0.8851,1,0.9223,churned,churned,churned
1157,0,1,0.7235,0,0.2512,retained,churned,retained
10933,0,0,0.2718,0,0.2178,retained,retained,retained
11352,0,0,0.1766,0,0.0591,retained,retained,retained
8765,0,0,0.1113,0,0.046,retained,retained,retained
4667,1,1,0.8596,1,0.7374,churned,churned,churned
11643,0,0,0.1875,0,0.0602,retained,retained,retained
2157,0,1,0.7449,1,0.8369,retained,churned,churned
6605,0,0,0.3072,0,0.2113,retained,retained,retained
7524,0,0,0.071,0,0.0041,retained,retained,retained
10940,0,1,0.5869,0,0.4013,retained,churned,retained
4600,0,0,0.4767,0,0.3919,retained,retained,retained
1235,0,1,0.5062,0,0.3948,retained,churned,retained
2538,0,1,0.501,0,0.4133,retained,churned,retained
10224,1,1,0.6549,1,0.5851,churned,churned,churned
13865,1,1,0.7885,1,0.5243,churned,churned,churned
6410,0,1,0.7916,1,0.7681,retained,churned,churned
2517,0,1,0.7231,0,0.3654,retained,churned,retained
9334,0,0,0.3431,0,0.1043,retained,retained,retained
11205,1,1,0.7179,1,0.6501,churned,churned,churned
3293,0,0,0.4539,0,0.199,retained,retained,retained
7706,0,1,0.501,0,0.4489,retained,churned,retained
14973,0,0,0.2498,0,0.2451,retained,retained,retained
11439,0,1,0.6126,1,0.6671,retained,churned,churned
2169,0,0,0.3151,0,0.332,retained,retained,retained
166,0,1,0.5599,0,0.497,retained,churned,retained
2694,1,1,0.7914,1,0.7533,churned,churned,churned
2011,0,0,0.2076,0,0.0733,retained,retained,retained
9370,0,0,0.1392,0,0.0256,retained,retained,retained
1520,0,1,0.6823,0,0.4905,retained,churned,retained
7369,0,0,0.0757,0,0.0918,retained,retained,retained
14225,0,1,0.5449,0,0.3461,retained,churned,retained
11754,1,1,0.8285,1,0.8313,churned,churned,churned
11981,1,0,0.3511,0,0.1568,churned,retained,retained
5952,0,0,0.4349,0,0.4364,retained,retained,retained
10132,0,1,0.716,1,0.8725,retained,churned,churned
2480,0,0,0.243,0,0.1744,retained,retained,retained
9833,0,0,0.0867,0,0.0103,retained,retained,retained
9141,1,1,0.6874,0,0.2597,churned,churned,retained
13017,0,0,0.1332,0,0.0622,retained,retained,retained
584,0,0,0.2854,0,0.1206,retained,retained,retained
657,0,0,0.1564,0,0.0387,retained,retained,retained
7595,0,1,0.6184,0,0.4053,retained,churned,retained
3286,0,0,0.3823,0,0.3524,retained,retained,retained
13356,0,0,0.1513,0,0.0975,retained,retained,retained
9512,1,0,0.3816,0,0.2771,churned,retained,retained
8705,1,1,0.5174,1,0.5075,churned,churned,churned
13598,0,1,0.7734,0,0.4198,retained,churned,retained
14797,0,1,0.6439,1,0.517,retained,churned,churned
10733,0,1,0.5163,0,0.377,retained,churned,retained
355,0,1,0.5007,0,0.3679,retained,churned,retained
655,0,0,0.1333,0,0.0268,retained,retained,retained
9629,0,1,0.8358,1,0.8798,retained,churned,churned
13974,0,0,0.1225,0,0.0524,retained,retained,retained
14916,1,0,0.3964,0,0.1372,churned,retained,retained
9838,1,1,0.8058,1,0.6964,churned,churned,churned
6319,0,1,0.7696,1,0.6336,retained,churned,churned
10166,0,0,0.2687,0,0.0984,retained,retained,retained
2439,0,1,0.6334,0,0.1168,retained,churned,retained
11739,0,1,0.7519,1,0.8305,retained,churned,churned
7131,0,0,0.3752,0,0.0939,retained,retained,retained
8795,0,0,0.1979,0,0.2795,retained,retained,retained
11384,0,0,0.2112,0,0.1637,retained,retained,retained
9791,0,0,0.101,0,0.0254,retained,retained,retained
11149,0,1,0.5956,0,0.4562,retained,churned,retained
12942,0,0,0.3104,0,0.139,retained,retained,retained
161,0,0,0.1364,0,0.1456,retained,retained,retained
10346,0,0,0.4188,0,0.4327,retained,retained,retained
12254,0,0,0.285,0,0.2324,retained,retained,retained
14191,0,0,0.2216,0,0.0517,retained,retained,retained
12799,0,0,0.1078,0,0.0618,retained,retained,retained
5126,1,1,0.6862,0,0.4604,churned,churned,retained
6149,0,0,0.324,0,0.4121,retained,retained,retained
2459,0,0,0.3222,0,0.1621,retained,retained,retained
13953,1,0,0.3274,0,0.2678,churned,retained,retained
2045,0,0,0.3418,0,0.2078,retained,retained,retained
9393,0,1,0.5855,0,0.4488,retained,churned,retained
1901,0,1,0.519,0,0.1712,retained,churned,retained
261,0,1,0.567,0,0.4927,retained,churned,retained
11259,0,1,0.5328,0,0.1064,retained,churned,retained
14468,1,0,0.4014,1,0.5316,churned,retained,churned
8634,0,0,0.1554,0,0.0918,retained,retained,retained
2798,0,0,0.4649,0,0.1604,retained,retained,retained
5290,0,0,0.3515,0,0.0839,retained,retained,retained
2115,0,1,0.7411,1,0.8035,retained,churned,churned
5577,0,0,0.2396,0,0.2012,retained,retained,retained
6074,0,0,0.2291,0,0.3032,retained,retained,retained
6618,0,0,0.4894,1,0.5906,retained,retained,churned
10381,0,1,0.5681,1,0.6815,retained,churned,churned
11743,0,0,0.393,0,0.2465,retained,retained,retained
12275,0,1,0.6679,0,0.3651,retained,churned,retained
11880,0,0,0.1143,0,0.0266,retained,retained,retained
10181,0,0,0.2651,0,0.277,retained,retained,retained
12569,0,0,0.2035,0,0.1239,retained,retained,retained
8384,1,1,0.5179,0,0.4181,churned,churned,retained
2191,0,0,0.2115,0,0.0356,retained,retained,retained
3421,0,0,0.2661,0,0.2719,retained,retained,retained
1238,0,0,0.4751,0,0.1696,retained,retained,retained
3730,0,0,0.1421,0,0.0166,retained,retained,retained
9022,0,1,0.6086,1,0.8744,retained,churned,churned
9832,1,1,0.8418,1,0.8639,churned,churned,churned
14326,0,1,0.5895,0,0.4903,retained,churned,retained
8826,0,0,0.4689,0,0.2688,retained,retained,retained
9379,0,0,0.1692,0,0.1798,retained,retained,retained
10385,0,0,0.2427,0,0.0582,retained,retained,retained
7343,0,0,0.3482,0,0.2849,retained,retained,retained
4186,0,0,0.3371,0,0.0956,retained,retained,retained
2651,0,0,0.3105,0,0.1462,retained,retained,retained
14912,0,0,0.2577,0,0.2678,retained,retained,retained
12090,0,1,0.5264,0,0.4138,retained,churned,retained
14303,0,0,0.1267,0,0.2373,retained,retained,retained
12327,0,0,0.2711,0,0.1211,retained,retained,retained
1967,1,0,0.4578,0,0.131,churned,retained,retained
4064,1,1,0.7374,1,0.8368,churned,churned,churned
14577,0,0,0.1264,0,0.0333,retained,retained,retained
12602,1,1,0.6127,0,0.3186,churned,churned,retained
14058,0,1,0.6084,1,0.7072,retained,churned,churned
4964,1,0,0.1543,0,0.0883,churned,retained,retained
11186,0,1,0.8526,1,0.5545,retained,churned,churned
8408,0,0,0.1012,0,0.0116,retained,retained,retained
10946,0,0,0.1921,0,0.0449,retained,retained,retained
9426,0,1,0.5374,0,0.4731,retained,churned,retained
3572,0,1,0.5811,0,0.3984,retained,churned,retained
7059,0,1,0.5586,0,0.4918,retained,churned,retained
505,0,0,0.2902,0,0.2699,retained,retained,retained
8456,0,1,0.5855,0,0.2432,retained,churned,retained
2427,0,1,0.7011,1,0.696,retained,churned,churned
6266,0,0,0.3992,0,0.1358,retained,retained,retained
9373,1,0,0.0931,0,0.0666,churned,retained,retained
3259,1,1,0.702,0,0.4907,churned,churned,retained
3250,0,0,0.2646,0,0.1175,retained,retained,retained
1515,0,0,0.0742,0,0.0184,retained,retained,retained
2168,0,0,0.4852,0,0.1778,retained,retained,retained
5504,0,1,0.6586,0,0.4515,retained,churned,retained
10923,0,1,0.828,1,0.8509,retained,churned,churned
12488,1,0,0.1803,0,0.1259,churned,retained,retained
5400,0,0,0.2398,0,0.0894,retained,retained,retained
5294,0,0,0.1064,0,0.0466,retained,retained,retained
14147,0,1,0.5352,1,0.5274,retained,churned,churned
12603,1,1,0.857,1,0.8152,churned,churned,churned
3237,0,1,0.7575,1,0.7537,retained,churned,churned
2444,0,0,0.2374,0,0.2931,retained,retained,retained
9844,1,1,0.6904,1,0.579,churned,churned,churned
10249,0,1,0.5365,0,0.2339,retained,churned,retained
7366,0,1,0.6698,0,0.3707,retained,churned,retained
7158,1,0,0.4229,0,0.3566,churned,retained,retained
4325,0,0,0.3288,0,0.0414,retained,retained,retained
9071,0,0,0.2832,0,0.0689,retained,retained,retained
8577,0,0,0.2128,0,0.1249,retained,retained,retained
10399,0,1,0.6836,1,0.5454,retained,churned,churned
14609,0,1,0.7457,1,0.5252,retained,churned,churned
319,0,0,0.178,0,0.0218,retained,retained,retained
9467,0,0,0.3516,0,0.0546,retained,retained,retained
3168,0,1,0.8143,1,0.9084,retained,churned,churned
8321,0,0,0.3024,0,0.164,retained,retained,retained
8226,0,1,0.5207,0,0.3427,retained,churned,retained
6531,1,1,0.5901,1,0.5136,churned,churned,churned
14115,0,1,0.773,1,0.5327,retained,churned,churned
1921,0,1,0.7157,1,0.5562,retained,churned,churned
11926,0,0,0.1621,0,0.0154,retained,retained,retained
3599,0,0,0.3835,0,0.0693,retained,retained,retained
8390,0,0,0.2977,0,0.1967,retained,retained,retained
5021,0,1,0.5689,0,0.1741,retained,churned,retained
473,0,0,0.332,0,0.0827,retained,retained,retained
4592,1,1,0.6434,0,0.1698,churned,churned,retained
3807,1,1,0.7322,1,0.6957,churned,churned,churned
13050,0,0,0.118,0,0.0404,retained,retained,retained
9648,0,0,0.3013,0,0.2273,retained,retained,retained
6308,0,0,0.1074,0,0.0864,retained,retained,retained
8947,0,1,0.6995,1,0.5854,retained,churned,churned
9320,0,0,0.2547,0,0.0391,retained,retained,retained
3183,1,1,0.7175,1,0.5095,churned,churned,churned
7909,1,1,0.7493,0,0.4747,churned,churned,retained
7809,0,0,0.4152,0,0.2869,retained,retained,retained
2557,0,1,0.5266,1,0.5121,retained,churned,churned
5986,0,0,0.2044,0,0.2421,retained,retained,retained
8138,0,1,0.5458,1,0.6519,retained,churned,churned
13775,0,0,0.3844,0,0.1563,retained,retained,retained
10901,0,0,0.3007,0,0.2504,retained,retained,retained
12496,0,0,0.1733,0,0.1491,retained,retained,retained
11403,0,1,0.5528,0,0.2932,retained,churned,retained
3106,0,1,0.8293,1,0.7315,retained,churned,churned
10918,0,0,0.4957,1,0.5425,retained,retained,churned
11579,0,0,0.1694,0,0.0513,retained,retained,retained
13390,0,0,0.1887,0,0.0244,retained,retained,retained
9166,0,0,0.4019,1,0.503,retained,retained,churned
996,0,0,0.2209,0,0.1473,retained,retained,retained
14448,0,0,0.1589,0,0.0398,retained,retained,retained
5695,0,0,0.2722,0,0.0837,retained,retained,retained
13349,1,0,0.4245,0,0.1949,churned,retained,retained
143,0,0,0.148,0,0.2366,retained,retained,retained
4884,0,0,0.2864,0,0.0849,retained,retained,retained
670,0,0,0.2805,0,0.0909,retained,retained,retained
7718,0,0,0.2697,0,0.0873,retained,retained,retained
5905,0,1,0.5587,0,0.3992,retained,churned,retained
4991,1,1,0.5622,1,0.5573,churned,churned,churned
1590,0,0,0.103,0,0.0901,retained,retained,retained
2972,0,0,0.4602,0,0.1696,retained,retained,retained
9554,1,0,0.3757,1,0.5282,churned,retained,churned
3669,0,0,0.1353,0,0.0127,retained,retained,retained
11646,1,1,0.619,0,0.337,churned,churned,retained
13460,0,0,0.3926,0,0.183,retained,retained,retained
12597,0,0,0.2728,0,0.0535,retained,retained,retained
13185,1,0,0.495,0,0.1415,churned,retained,retained
13211,0,0,0.2282,0,0.2386,retained,retained,retained
8808,0,1,0.8032,0,0.3199,retained,churned,retained
8544,0,0,0.3339,0,0.1414,retained,retained,retained
7436,0,0,0.3463,0,0.1583,retained,retained,retained
6242,0,0,0.2839,0,0.2568,retained,retained,retained
4962,1,1,0.5264,0,0.327,churned,churned,retained
7173,1,1,0.7918,1,0.8873,churned,churned,churned
2227,0,0,0.2559,0,0.1394,retained,retained,retained
10539,1,1,0.6887,0,0.463,churned,churned,retained
12712,0,1,0.5297,0,0.1536,retained,churned,retained
3549,0,1,0.8302,1,0.8132,retained,churned,churned
7937,0,1,0.8196,1,0.5744,retained,churned,churned
3253,0,1,0.7514,1,0.7671,retained,churned,churned
4822,0,0,0.0759,0,0.0186,retained,retained,retained
9763,0,1,0.5456,0,0.3862,retained,churned,retained
6825,0,0,0.1921,0,0.0766,retained,retained,retained
1065,0,0,0.3766,0,0.1629,retained,retained,retained
3186,0,0,0.1894,0,0.0793,retained,retained,retained
14942,0,1,0.6469,1,0.6016,retained,churned,churned
4487,0,1,0.648,0,0.4617,retained,churned,retained
4505,1,0,0.3475,0,0.2843,churned,retained,retained
11219,0,0,0.1408,0,0.0287,retained,retained,retained
5564,1,1,0.7973,0,0.4989,churned,churned,retained
203,0,1,0.6424,1,0.5417,retained,churned,churned
7970,0,1,0.7489,0,0.4477,retained,churned,retained
1629,0,1,0.5932,0,0.226,retained,churned,retained
5694,0,0,0.1285,0,0.0545,retained,retained,retained
1405,0,1,0.5275,0,0.3651,retained,churned,retained
11801,0,0,0.4128,1,0.5025,retained,retained,churned
8273,0,1,0.5826,0,0.1316,retained,churned,retained
234,0,1,0.6502,1,0.6452,retained,churned,churned
12482,0,0,0.331,0,0.2387,retained,retained,retained
3345,1,1,0.7584,1,0.7921,churned,churned,churned
9055,1,0,0.2462,0,0.0585,churned,retained,retained
12657,0,1,0.7196,1,0.8327,retained,churned,churned
12343,0,1,0.7648,1,0.5114,retained,churned,churned
13868,0,1,0.712,1,0.5794,retained,churned,churned
6136,0,0,0.2407,0,0.0969,retained,retained,retained
1105,0,0,0.2253,0,0.1679,retained,retained,retained
9566,0,0,0.0794,0,0.0127,retained,retained,retained
4750,0,0,0.2299,0,0.257,retained,retained,retained
6608,0,0,0.49,0,0.1842,retained,retained,retained
12023,0,0,0.3503,0,0.0759,retained,retained,retained
4075,0,1,0.5098,1,0.6131,retained,churned,churned
9537,0,1,0.5464,0,0.2477,retained,churned,retained
11639,1,0,0.3983,0,0.2642,churned,retained,retained
1699,0,1,0.6295,0,0.4431,retained,churned,retained
6124,0,0,0.32,0,0.2721,retained,retained,retained
10554,1,1,0.5688,0,0.4557,churned,churned,retained
7680,0,0,0.3258,0,0.2853,retained,retained,retained
9238,0,0,0.4742,0,0.116,retained,retained,retained
9739,0,0,0.3778,0,0.4159,retained,retained,retained
9782,0,0,0.0691,0,0.0275,retained,retained,retained
12108,0,0,0.2303,0,0.1167,retained,retained,retained
4216,0,0,0.2573,0,0.0646,retained,retained,retained
7065,0,0,0.1875,0,0.1931,retained,retained,retained
12851,0,1,0.7345,1,0.519,retained,churned,churned
2307,0,0,0.2424,0,0.2308,retained,retained,retained
11527,1,0,0.4118,0,0.2466,churned,retained,retained
7010,0,1,0.8406,1,0.8744,retained,churned,churned
11767,1,0,0.2748,0,0.1051,churned,retained,retained
4944,0,0,0.253,0,0.1671,retained,retained,retained
6759,0,1,0.6594,1,0.5611,retained,churned,churned
8012,0,1,0.5844,1,0.6466,retained,churned,churned
11582,0,1,0.6038,1,0.5592,retained,churned,churned
10584,0,0,0.0939,0,0.0233,retained,retained,retained
12135,0,1,0.5013,0,0.3318,retained,churned,retained
10383,1,0,0.3781,0,0.2544,churned,retained,retained
1049,0,0,0.1597,0,0.0838,retained,retained,retained
4250,1,1,0.5408,1,0.5746,churned,churned,churned
1530,0,0,0.4124,0,0.4315,retained,retained,retained
13151,1,0,0.3616,0,0.2734,churned,retained,retained
11951,0,1,0.7129,1,0.7661,retained,churned,churned
995,1,1,0.7494,1,0.8709,churned,churned,churned
1202,0,0,0.1764,0,0.0385,retained,retained,retained
404,1,1,0.8553,1,0.8997,churned,churned,churned
13946,0,1,0.6449,1,0.5631,retained,churned,churned
9817,1,1,0.8295,1,0.8526,churned,churned,churned
7713,0,0,0.4763,1,0.5329,retained,retained,churned
13021,0,0,0.1941,0,0.0799,retained,retained,retained
10245,0,1,0.6326,1,0.7257,retained,churned,churned
4180,0,0,0.4308,0,0.2674,retained,retained,retained
12700,0,0,0.3038,0,0.2955,retained,retained,retained
11334,0,0,0.3283,0,0.474,retained,retained,retained
12567,0,0,0.1569,0,0.0501,retained,retained,retained
12535,0,0,0.2845,0,0.143,retained,retained,retained
9728,0,1,0.777,1,0.5804,retained,churned,churned
8640,0,1,0.5285,0,0.3331,retained,churned,retained
2128,1,1,0.8128,1,0.7782,churned,churned,churned
3060,0,0,0.1952,0,0.0365,retained,retained,retained
3211,0,1,0.8291,1,0.6842,retained,churned,churned
7789,0,1,0.6113,1,0.6437,retained,churned,churned
2294,1,1,0.8496,1,0.8538,churned,churned,churned
12112,0,0,0.4591,0,0.112,retained,retained,retained
13905,0,1,0.6961,0,0.4169,retained,churned,retained
5883,0,1,0.801,1,0.8456,retained,churned,churned
7338,1,1,0.7427,0,0.1158,churned,churned,retained
9625,0,0,0.4063,0,0.0874,retained,retained,retained
10741,0,0,0.4303,0,0.4034,retained,retained,retained
5255,0,0,0.3292,0,0.2311,retained,retained,retained
12642,0,1,0.7505,1,0.6142,retained,churned,churned
9079,0,1,0.6805,1,0.5395,retained,churned,churned
12666,0,1,0.7399,1,0.8478,retained,churned,churned
4018,0,1,0.6513,0,0.3596,retained,churned,retained
9386,0,1,0.7252,1,0.7875,retained,churned,churned
1780,0,1,0.693,1,0.7031,retained,churned,churned
5159,0,0,0.1028,0,0.0838,retained,retained,retained
12045,0,0,0.3968,0,0.3515,retained,retained,retained
2934,0,0,0.361,0,0.2002,retained,retained,retained
11046,1,0,0.225,0,0.1584,churned,retained,retained
6625,0,0,0.202,0,0.0707,retained,retained,retained
1009,0,0,0.4348,0,0.2079,retained,retained,retained
12611,0,1,0.5568,0,0.0902,retained,churned,retained
5454,0,0,0.2993,1,0.5552,retained,retained,churned
14151,0,1,0.7083,0,0.2291,retained,churned,retained
4717,0,0,0.1747,0,0.0465,retained,retained,retained
11482,0,0,0.2257,0,0.0901,retained,retained,retained
9845,0,0,0.1791,0,0.1867,retained,retained,retained
14748,1,1,0.6014,0,0.4043,churned,churned,retained
7135,0,0,0.2864,0,0.11,retained,retained,retained
4923,0,0,0.107,0,0.0256,retained,retained,retained
5381,0,0,0.2689,0,0.1154,retained,retained,retained
4335,0,0,0.1404,0,0.0207,retained,retained,retained
8895,0,1,0.6516,1,0.6504,retained,churned,churned
2880,0,1,0.5737,0,0.1573,retained,churned,retained
11918,1,1,0.8417,1,0.7996,churned,churned,churned
7344,0,0,0.3441,0,0.2971,retained,retained,retained
13043,0,1,0.5445,0,0.1958,retained,churned,retained
12723,0,0,0.3476,0,0.1115,retained,retained,retained
8210,0,1,0.8939,1,0.6995,retained,churned,churned
5671,0,0,0.2135,0,0.2089,retained,retained,retained
4606,1,1,0.537,1,0.5594,churned,churned,churned
5008,0,1,0.5593,1,0.7095,retained,churned,churned
14199,0,0,0.2173,0,0.0883,retained,retained,retained
825,0,1,0.8026,0,0.45,retained,churned,retained
4011,0,1,0.6878,0,0.2757,retained,churned,retained
7350,1,1,0.7501,1,0.5908,churned,churned,churned
13650,0,0,0.2753,0,0.0745,retained,retained,retained
14675,0,0,0.3692,0,0.0416,retained,retained,retained
14286,1,1,0.8651,0,0.4732,churned,churned,retained
12788,0,0,0.201,0,0.2554,retained,retained,retained
12627,0,1,0.5027,0,0.1706,retained,churned,retained
5672,0,1,0.5981,0,0.3889,retained,churned,retained
10455,0,0,0.1326,0,0.0365,retained,retained,retained
1256,0,0,0.1495,0,0.0889,retained,retained,retained
8728,0,0,0.1633,0,0.0675,retained,retained,retained
11967,0,1,0.5182,0,0.2342,retained,churned,retained
14160,0,0,0.4138,0,0.1327,retained,retained,retained
13762,0,1,0.5085,0,0.1578,retained,churned,retained
11091,0,0,0.1227,0,0.0836,retained,retained,retained
6821,0,0,0.2385,0,0.2384,retained,retained,retained
7580,1,1,0.767,1,0.6595,churned,churned,churned
1801,1,0,0.4363,0,0.2796,churned,retained,retained
3159,1,1,0.8126,1,0.6039,churned,churned,churned
4036,1,1,0.7369,1,0.5981,churned,churned,churned
10277,0,1,0.7459,1,0.6643,retained,churned,churned
2633,0,0,0.4089,0,0.116,retained,retained,retained
4616,0,1,0.8726,1,0.7719,retained,churned,churned
821,0,0,0.1092,0,0.0662,retained,retained,retained
5539,0,1,0.6085,0,0.4848,retained,churned,retained
195,0,0,0.1957,0,0.0648,retained,retained,retained
11653,0,1,0.8192,1,0.5664,retained,churned,churned
3296,1,0,0.1575,0,0.1306,churned,retained,retained
1222,0,0,0.4785,0,0.2577,retained,retained,retained
10371,0,1,0.75,1,0.6196,retained,churned,churned
12,0,0,0.3551,0,0.2025,retained,retained,retained
2390,1,1,0.7319,0,0.3279,churned,churned,retained
6157,0,0,0.2059,0,0.1392,retained,retained,retained
11720,0,0,0.2306,0,0.107,retained,retained,retained
2403,0,0,0.3182,0,0.2636,retained,retained,retained
3268,1,0,0.3836,0,0.178,churned,retained,retained
1781,0,0,0.0613,0,0.017,retained,retained,retained
8400,0,0,0.2788,0,0.0499,retained,retained,retained
5247,0,1,0.6809,1,0.7054,retained,churned,churned
7218,0,0,0.1257,0,0.0555,retained,retained,retained
10479,0,1,0.7458,1,0.8425,retained,churned,churned
6894,0,1,0.5641,0,0.4226,retained,churned,retained
13114,1,1,0.7508,1,0.6476,churned,churned,churned
8315,0,1,0.5437,0,0.3988,retained,churned,retained
12966,0,1,0.8543,1,0.8184,retained,churned,churned
3423,0,0,0.2074,0,0.1104,retained,retained,retained
11772,1,1,0.6124,0,0.296,churned,churned,retained
10678,1,0,0.4832,1,0.5969,churned,retained,churned
13406,0,1,0.5116,1,0.537,retained,churned,churned
6707,0,0,0.4423,0,0.3373,retained,retained,retained
6760,1,1,0.8236,1,0.7462,churned,churned,churned
6381,1,1,0.7079,1,0.8604,churned,churned,churned
3540,0,0,0.1964,0,0.0737,retained,retained,retained
10953,0,1,0.5342,0,0.2795,retained,churned,retained
568,1,1,0.6077,1,0.6915,churned,churned,churned
3462,0,1,0.6902,0,0.4736,retained,churned,retained
6873,0,1,0.5002,0,0.4773,retained,churned,retained
11040,0,0,0.3128,0,0.1716,retained,retained,retained
7380,0,0,0.3329,0,0.4917,retained,retained,retained
76,0,1,0.6686,1,0.5802,retained,churned,churned
438,0,0,0.4609,1,0.51,retained,retained,churned
13937,0,1,0.7222,0,0.1014,retained,churned,retained
12577,0,0,0.2873,0,0.435,retained,retained,retained
6785,0,0,0.3561,0,0.116,retained,retained,retained
14628,0,1,0.6842,0,0.2164,retained,churned,retained
4046,1,1,0.6453,0,0.4891,churned,churned,retained
3445,1,0,0.156,0,0.0989,churned,retained,retained
13103,1,1,0.7657,1,0.739,churned,churned,churned
6509,0,0,0.1331,0,0.0646,retained,retained,retained
3751,1,1,0.7995,1,0.7448,churned,churned,churned
12950,0,1,0.6011,1,0.5033,retained,churned,churned
393,0,1,0.6023,0,0.4459,retained,churned,retained
12350,0,0,0.4758,0,0.2847,retained,retained,retained
1,0,1,0.5265,0,0.2668,retained,churned,retained
7332,0,0,0.4925,0,0.4538,retained,retained,retained
4425,0,0,0.2241,0,0.1431,retained,retained,retained
4145,0,1,0.5118,0,0.2473,retained,churned,retained
7353,0,1,0.6587,0,0.3015,retained,churned,retained
6086,0,0,0.3062,0,0.1291,retained,retained,retained
9421,0,1,0.6179,1,0.5285,retained,churned,churned
